timestamp,open,high,low,close,volume,symbol,log_price,log_return,simple_return
2025-08-24 17:00:00,4.0759,4.1465,4.0719,4.1388,16781.77305076,DOT/USD,1.4204058907486585,,
2025-08-24 18:00:00,4.1428,4.2601,4.1301,4.2503,51390.87619772,DOT/USD,1.4469895686803873,0.026583677931728777,0.02694017589639519
2025-08-24 19:00:00,4.249,4.2797,4.0596,4.1308,74869.04408668,DOT/USD,1.4184710928151119,-0.02851847586527545,-0.028115662423829013
2025-08-24 20:00:00,4.1318,4.1537,4.043,4.1221,82768.80061423,DOT/USD,1.4163627422419247,-0.0021083505731871455,-0.002106129563280712
2025-08-24 21:00:00,4.117,4.1602,4.096,4.1222,28132.93208191,DOT/USD,1.41638700142706,2.4259185135377948e-05,2.4259479391774974e-05
2025-08-24 22:00:00,4.1203,4.1265,4.0604,4.1134,24615.14467807,DOT/USD,1.4142499371332222,-0.0021370642938378648,-0.00213478239774878
2025-08-24 23:00:00,4.1136,4.13,4.1068,4.107,1829.40987264,DOT/USD,1.4126928349744217,-0.0015571021588005607,-0.0015558905042057924
2025-08-25 00:00:00,4.1083,4.1351,4.0308,4.0638,23457.6554621,DOT/USD,1.4021184964667759,-0.010574338507645775,-0.01051862673484305
2025-08-25 01:00:00,4.0616,4.1051,4.05,4.0905,4053.5520278,DOT/USD,1.4086672119716157,0.006548715504839819,0.006570205226635206
2025-08-25 02:00:00,4.0871,4.1368,4.0871,4.1303,2440.93299692,DOT/USD,1.4183500435600223,0.009682831588406549,0.009729861875076518
2025-08-25 03:00:00,4.1303,4.1424,4.1002,4.1002,24148.15731744,DOT/USD,1.4110357530083377,-0.0073142905516845325,-0.007287606227150523
2025-08-25 04:00:00,4.1004,4.108,4.0598,4.0614,5256.67198316,DOT/USD,1.40152774176048,-0.009508011247857828,-0.009462953026681653
2025-08-25 05:00:00,4.0603,4.0754,4.0327,4.0327,2995.62264395,DOT/USD,1.3944361268115137,-0.007091614948966152,-0.00706652878317815
2025-08-25 06:00:00,4.0319,4.0372,3.9677,3.97,51003.51257685,DOT/USD,1.3787660946990992,-0.015670032112414578,-0.015547895950603796
2025-08-25 07:00:00,3.967,3.9908,3.9,3.9042,107923.10647657,DOT/USD,1.3620528967468564,-0.016713197952242798,-0.01657430730478593
2025-08-25 08:00:00,3.9069,3.9406,3.8827,3.9333,49372.01325403,DOT/USD,1.3694787681913287,0.007425871444472376,0.007453511602889318
2025-08-25 09:00:00,3.9298,3.9298,3.8937,3.9178,83972.77678959,DOT/USD,1.365530271767163,-0.003948496424165837,-0.003940711361960614
2025-08-25 10:00:00,3.9164,3.9164,3.8549,3.8677,66707.6645388,DOT/USD,1.352660015120903,-0.012870256646259959,-0.012787789065291766
2025-08-25 11:00:00,3.8719,3.9041,3.865,3.8966,73534.52457011,DOT/USD,1.3601043780296498,0.007444362908746838,0.007472141065749671
2025-08-25 12:00:00,3.897,3.9059,3.8812,3.9059,107224.18048003,DOT/USD,1.3624882304882548,0.0023838524586050625,0.002386696094030638
2025-08-25 13:00:00,3.9081,3.9081,3.8471,3.8936,104506.6674155,DOT/USD,1.3593341795371074,-0.0031540509511474024,-0.0031490821577612182
2025-08-25 14:00:00,3.8881,3.9273,3.886,3.903,8373.88879068,DOT/USD,1.3617454881984778,0.0024113086613704038,0.002414218204232599
2025-08-25 15:00:00,3.9074,3.9132,3.8568,3.8672,112362.946418,DOT/USD,1.3525307309670815,-0.009214757231396309,-0.009172431462977193
2025-08-25 16:00:00,3.8698,3.894,3.847,3.8711,25401.6291018,DOT/USD,1.3535387043798992,0.0010079734128176643,0.001008481588746335
2025-08-25 17:00:00,3.8641,3.8641,3.8351,3.8439,11330.78603177,DOT/USD,1.346487476201503,-0.007051228178396096,-0.007026426597091295
2025-08-25 18:00:00,3.84,3.8585,3.836,3.8455,8177.18443779,DOT/USD,1.3469036335149713,0.00041615731346822393,0.00041624391893635426
2025-08-25 19:00:00,3.8424,3.8424,3.77,3.7777,107041.48781758,DOT/USD,1.3291153588327071,-0.017788274682264182,-0.017630997269535875
2025-08-25 20:00:00,3.7779,3.7933,3.7057,3.7062,77395.1928518,DOT/USD,1.3100070929477714,-0.01910826588493575,-0.01892686025888768
2025-08-25 21:00:00,3.7055,3.7373,3.6932,3.7184,50059.93437808,DOT/USD,1.3132934682354003,0.003286375287628873,0.003291781339377353
2025-08-25 22:00:00,3.7109,3.7638,3.7109,3.7401,22754.13627656,DOT/USD,1.3191123490369019,0.005818880801501614,0.005835843373493965
2025-08-25 23:00:00,3.74,3.7416,3.7159,3.7323,8641.19701976,DOT/USD,1.317024665606418,-0.002087683430483933,-0.002085505735140769
2025-08-26 00:00:00,3.7322,3.7509,3.713,3.7388,70060.4658462,DOT/USD,1.3187647043262913,0.0017400387198733824,0.0017415534656914922
2025-08-26 01:00:00,3.7312,3.7906,3.7212,3.7906,19204.90020643,DOT/USD,1.3325243179100628,0.013759613583771424,0.013854712742056297
2025-08-26 02:00:00,3.7885,3.8102,3.772,3.7783,21110.73176488,DOT/USD,1.3292741730204418,-0.003250144889620943,-0.0032448688861921315
2025-08-26 03:00:00,3.779,3.7968,3.7727,3.7899,9908.97980911,DOT/USD,1.3323396335219644,0.0030654605015225656,0.003070163830293904
2025-08-26 04:00:00,3.7924,3.8143,3.7922,3.8017,13328.73600794,DOT/USD,1.3354483351139759,0.003108701592011487,0.0031135386157945533
2025-08-26 05:00:00,3.802,3.8134,3.7952,3.8018,15771.95777985,DOT/USD,1.3354746387899161,2.6303675940253513e-05,2.6304021885081852e-05
2025-08-26 06:00:00,3.795,3.7997,3.7674,3.7675,2552.90765745,DOT/USD,1.3264116515185136,-0.009062987271402534,-0.009022042190541368
2025-08-26 07:00:00,3.7697,3.8142,3.7634,3.7961,42928.12068143,DOT/USD,1.3339742239201913,0.007562572401677681,0.007591240875912453
2025-08-26 08:00:00,3.7878,3.7984,3.7678,3.7771,7093.76073867,DOT/USD,1.3289565194190203,-0.005017704501171005,-0.0050051368509786975
2025-08-26 09:00:00,3.782,3.7941,3.7723,3.7811,1494.29584143,DOT/USD,1.3300149725886745,0.0010584531696542498,0.001059013528897923
2025-08-26 10:00:00,3.784,3.8117,3.784,3.8001,2649.78936369,DOT/USD,1.3350273821755594,0.0050124095868848695,0.005024992726984312
2025-08-26 11:00:00,3.7995,3.8008,3.7649,3.7807,37678.72962449,DOT/USD,1.3299091776720218,-0.005118204503537616,-0.005105128812399662
2025-08-26 12:00:00,3.7792,3.8557,3.7642,3.822,10233.72005715,DOT/USD,1.3407738458180813,0.010864668146059575,0.010923902980929379
2025-08-26 13:00:00,3.8254,3.8322,3.7699,3.8049,8300.10651093,DOT/USD,1.3362897097593565,-0.004484136058724886,-0.004474097331240268
2025-08-26 14:00:00,3.8091,3.8508,3.7943,3.8411,12427.76697843,DOT/USD,1.3457587839116143,0.00946907415225784,0.0095140476753659
2025-08-26 15:00:00,3.8421,3.8516,3.8054,3.8126,16929.97212366,DOT/USD,1.3383113710977392,-0.007447412813875065,-0.007419749550909849
2025-08-26 16:00:00,3.8142,3.8427,3.8106,3.8427,16116.69860809,DOT/USD,1.346175244523063,0.007863873425323797,0.00789487488852747
2025-08-26 17:00:00,3.8471,3.8471,3.8148,3.8286,7771.55926229,DOT/USD,1.342499201120219,-0.003676043402843998,-0.0036692950269341384
2025-08-26 18:00:00,3.8287,3.865,3.8287,3.8591,6156.21455071,DOT/USD,1.3504339956688143,0.007934794548595248,0.007966358460011591
2025-08-26 19:00:00,3.8572,3.91,3.8513,3.9095,2314.64569226,DOT/USD,1.3634094885824317,0.012975492913617437,0.0130600399056775
2025-08-26 20:00:00,3.9096,3.921,3.8909,3.8953,11502.18724562,DOT/USD,1.3597706981795332,-0.003638790402898495,-0.003632178027880739
2025-08-26 21:00:00,3.8957,3.9049,3.8803,3.9049,3577.14956281,DOT/USD,1.3622321747691315,0.002461476589598277,0.002464508510255925
2025-08-26 22:00:00,3.9058,3.9077,3.8821,3.8935,5842.92825242,DOT/USD,1.3593084960349038,-0.0029236787342277193,-0.0029194089477323493
2025-08-26 23:00:00,3.8935,3.9088,3.8848,3.8872,3535.50772971,DOT/USD,1.3576891041095562,-0.0016193919253475464,-0.0016180814177475522
2025-08-27 00:00:00,3.8882,3.8882,3.8656,3.8676,4479.61301849,DOT/USD,1.3526341596272553,-0.005054944482300927,-0.005042189750977588
2025-08-27 01:00:00,3.8639,3.8664,3.8508,3.8635,1904.95137657,DOT/USD,1.3515735083915015,-0.001060651235753829,-0.0010600889440479655
2025-08-27 02:00:00,3.8692,3.8819,3.8484,3.8755,2958.81981033,DOT/USD,1.354674686739429,0.003101178347927558,0.003105991976187328
2025-08-27 03:00:00,3.8722,3.906,3.8561,3.8964,12739.87988053,DOT/USD,1.3600530499146635,0.005378363175234435,0.005392852535156756
2025-08-27 04:00:00,3.8959,3.9197,3.8959,3.9179,2587.82957512,DOT/USD,1.36555579597049,0.005502746055826568,0.005517913971871513
2025-08-27 05:00:00,3.9149,3.922,3.8932,3.8943,5059.85357094,DOT/USD,1.3595139455849214,-0.006041850385568592,-0.006023635110646075
2025-08-27 06:00:00,3.8913,3.9018,3.8797,3.8797,1291.8014522,DOT/USD,1.3557578310582399,-0.0037561145266815643,-0.003749069152350848
2025-08-27 07:00:00,3.8795,3.8795,3.8338,3.8459,345243.6628962,DOT/USD,1.3470076457885134,-0.008750185269726485,-0.00871201381550124
2025-08-27 08:00:00,3.8475,3.8598,3.8394,3.8588,17244.90868766,DOT/USD,1.3503562543142615,0.0033486085257481424,0.0033542213786110775
2025-08-27 09:00:00,3.8672,3.8802,3.8661,3.8681,10547.67164494,DOT/USD,1.3527634304109457,0.0024071760966841715,0.0024100756711931126
2025-08-27 10:00:00,3.865,3.8761,3.8594,3.8647,6299.42721495,DOT/USD,1.3518840593631751,-0.000879371047770583,-0.0008789845143610808
2025-08-27 11:00:00,3.8661,3.8833,3.8661,3.8824,8454.53463384,DOT/USD,1.3564535191088694,0.0045694597456942265,0.00457991564675142
2025-08-27 12:00:00,3.8814,3.891,3.8586,3.8737,13262.95114402,DOT/USD,1.3542101226470393,-0.0022433964618300273,-0.002240881928703975
2025-08-27 13:00:00,3.8732,3.8978,3.858,3.8731,32659.43418424,DOT/USD,1.3540552199772402,-0.00015490266979911738,-0.0001548906730000077
2025-08-27 14:00:00,3.8756,3.9309,3.8666,3.9053,13831.69015669,DOT/USD,1.362334604924659,0.008279384947418755,0.008313753840592852
2025-08-27 15:00:00,3.9081,3.927,3.8988,3.9075,19726.08098874,DOT/USD,1.3628977833134948,0.0005631783888357944,0.0005633370035593721
2025-08-27 16:00:00,3.9108,3.9108,3.872,3.8935,5185.01909071,DOT/USD,1.3593084960349038,-0.00358928727859098,-0.003582853486884252
2025-08-27 17:00:00,3.89,3.9069,3.8798,3.905,6827.32755272,DOT/USD,1.3622577832916491,0.00294928725674537,0.0029536406831898177
2025-08-27 18:00:00,3.9099,3.9136,3.8849,3.8849,1212.84940756,DOT/USD,1.3570972434625905,-0.005160539829058619,-0.005147247119078102
2025-08-27 19:00:00,3.885,3.8893,3.8481,3.8691,12189.89410189,DOT/USD,1.3530219218563182,-0.004075321606272331,-0.004067028752348878
2025-08-27 20:00:00,3.8635,3.9085,3.8266,3.9008,49255.67414375,DOT/USD,1.3611816603048152,0.008159738448497045,0.008193119846992891
2025-08-27 21:00:00,3.9056,3.9085,3.8582,3.8609,4474.68552031,DOT/USD,1.3509003169207878,-0.01028134338402742,-0.010228671041837556
2025-08-27 22:00:00,3.85,3.8721,3.8361,3.8587,2467.01551017,DOT/USD,1.350330339186304,-0.0005699777344838619,-0.0005698153280323526
2025-08-27 23:00:00,3.8551,3.8583,3.8293,3.8293,7987.19641655,DOT/USD,1.3426820188644961,-0.007648320321807844,-0.007619146344623795
2025-08-28 00:00:00,3.8319,3.8525,3.81,3.8353,1804.76616897,DOT/USD,1.3442476586175462,0.0015656397530501298,0.0015668660068419715
2025-08-28 01:00:00,3.8373,3.8671,3.8373,3.8665,3063.27663531,DOT/USD,1.352349705066953,0.008102046449406819,0.008134956848225627
2025-08-28 02:00:00,3.8607,3.8687,3.8464,3.8464,18973.92343568,DOT/USD,1.3471376459186968,-0.005212059148256287,-0.005198499935341938
2025-08-28 03:00:00,3.847,3.8747,3.8445,3.8729,1357.24133744,DOT/USD,1.354003580421329,0.006865934502632287,0.006889559068219642
2025-08-28 04:00:00,3.8676,3.9316,3.8676,3.915,43838.57209316,DOT/USD,1.3648153294427665,0.010811749021437445,0.010870407188411813
2025-08-28 05:00:00,3.9199,3.941,3.9161,3.9338,2234.59000864,DOT/USD,1.3696058798336552,0.004790550390888715,0.00480204342273316
2025-08-28 06:00:00,3.929,3.9306,3.9114,3.9279,14053.42874704,DOT/USD,1.3681049319196803,-0.001500947913974926,-0.0014998220550104246
2025-08-28 07:00:00,3.928,3.928,3.928,3.928,2.50820182,DOT/USD,1.3681303904922195,2.5458572539216462e-05,2.545889661131895e-05
2025-08-28 08:00:00,3.928,3.9609,3.928,3.9594,17980.26043663,DOT/USD,1.3760924986352938,0.007962108143074298,0.007993890020366656
2025-08-28 09:00:00,3.9594,3.9594,3.9594,3.9594,0.0,DOT/USD,1.3760924986352938,0.0,0.0
2025-08-28 10:00:00,3.9557,3.9617,3.9362,3.9617,35089.53699821,DOT/USD,1.3766732260758359,0.0005807274405420504,0.0005808960953679332
2025-08-28 11:00:00,3.9621,3.9621,3.942,3.96,7212.8488404,DOT/USD,1.3762440252663892,-0.0004292008094466393,-0.0004291087159552509
2025-08-28 12:00:00,3.9637,3.9834,3.9603,3.9692,8754.13255336,DOT/USD,1.3785645630579493,0.002320537791560051,0.0023232323232322827
2025-08-28 13:00:00,3.9681,3.9788,3.9505,3.9685,5667.32614301,DOT/USD,1.3783881895487933,-0.00017637350915600258,-0.0001763579562631401
2025-08-28 14:00:00,3.9683,4.0114,3.964,4.0059,28115.81820639,DOT/USD,1.3877682743758908,0.009380084827097512,0.009424215698626615
2025-08-28 15:00:00,4.006,4.0176,3.9488,3.9553,10093.82722338,DOT/USD,1.375056451693087,-0.012711822682803797,-0.012631368731121584
2025-08-28 16:00:00,3.9553,3.9807,3.8975,3.9008,20343.38484096,DOT/USD,1.3611816603048152,-0.013874791388271746,-0.01377898010264711
2025-08-28 17:00:00,3.9001,3.9349,3.8952,3.9282,53667.70441042,DOT/USD,1.3681813056929637,0.006999645388148457,0.007024200164069017
2025-08-28 18:00:00,3.9294,3.9409,3.918,3.9335,26305.5954677,DOT/USD,1.36952961478716,0.001348309094196365,0.0013492184715646616
2025-08-28 19:00:00,3.9295,3.9402,3.8841,3.8841,19782.61088601,DOT/USD,1.3568912967505742,-0.012638318036585883,-0.012558789881784604
2025-08-28 20:00:00,3.88,3.9175,3.876,3.912,53263.03949986,DOT/USD,1.3640487521725708,0.007157455421996639,0.007183131227311401
2025-08-28 21:00:00,3.9126,3.9412,3.9124,3.9402,14127.59277179,DOT/USD,1.371231483442845,0.007182731270274134,0.007208588957055229
2025-08-28 22:00:00,3.9413,4.0002,3.9411,3.9988,10162.30832248,DOT/USD,1.3859943161108885,0.014762832668043568,0.014872341505507425
2025-08-28 23:00:00,3.9953,3.998,3.9738,3.979,13806.09586335,DOT/USD,1.3810305314447917,-0.0049637846660968155,-0.00495148544563373
2025-08-29 00:00:00,3.9813,3.999,3.9616,3.9724,1126.96819662,DOT/USD,1.3793704460470664,-0.0016600853977253305,-0.0016587082181452883
2025-08-29 01:00:00,3.973,3.973,3.9237,3.9356,3282.20956748,DOT/USD,1.3700633480094733,-0.009307098037593109,-0.009263921055281399
2025-08-29 02:00:00,3.934,3.9725,3.9328,3.9469,3200.26929917,DOT/USD,1.3729304606617574,0.0028671126522841206,0.0028712267506860734
2025-08-29 03:00:00,3.9435,3.9619,3.938,3.954,15651.61287055,DOT/USD,1.3747277247484253,0.0017972640866679157,0.0017988801337760485
2025-08-29 04:00:00,3.9551,3.9571,3.9224,3.9263,1800.33180551,DOT/USD,1.3676975065874675,-0.007030218160957835,-0.007005563985837182
2025-08-29 05:00:00,3.9248,3.9414,3.9041,3.9227,24665.74895482,DOT/USD,1.3667801922155882,-0.000917314371879252,-0.0009168937676693467
2025-08-29 06:00:00,3.9232,3.9265,3.8865,3.9111,69740.64463269,DOT/USD,1.3638186643547057,-0.0029615278608825513,-0.002957146863129978
2025-08-29 07:00:00,3.9039,3.9039,3.8134,3.8134,28448.57970726,DOT/USD,1.3385211796482073,-0.025297484706498397,-0.02498018460279705
2025-08-29 08:00:00,3.8135,3.8219,3.7716,3.7739,44605.56437268,DOT/USD,1.3281089495099838,-0.010412230138223455,-0.010358210520795219
2025-08-29 09:00:00,3.7726,3.8059,3.7517,3.8022,11517.99600241,DOT/USD,1.3355798465753892,0.00747089706540538,0.007498873844034026
2025-08-29 10:00:00,3.8068,3.819,3.8004,3.8041,5461.58311529,DOT/USD,1.3360794324553882,0.0004995858799989872,0.0004997106938089413
2025-08-29 11:00:00,3.8047,3.831,3.7949,3.8271,46589.28426451,DOT/USD,1.342107336230217,0.006027903774828758,0.00604610814647355
2025-08-29 12:00:00,3.8278,3.9091,3.8278,3.8525,18942.03113571,DOT/USD,1.3487222882121337,0.00661495198191675,0.006636879099056747
2025-08-29 13:00:00,3.856,3.8561,3.7843,3.8084,10585.25180702,DOT/USD,1.3372091534293993,-0.011513134782734413,-0.011447112264763248
2025-08-29 14:00:00,3.81,3.8241,3.7572,3.7604,22277.09907062,DOT/USD,1.3245253347222588,-0.012683818707140526,-0.012603718096838468
2025-08-29 15:00:00,3.7673,3.7962,3.767,3.7742,18996.47522574,DOT/USD,1.3281884397128583,0.0036631049905995194,0.003669822359323449
2025-08-29 16:00:00,3.769,3.7856,3.7471,3.7742,4090.71278586,DOT/USD,1.3281884397128583,0.0,0.0
2025-08-29 17:00:00,3.7737,3.7737,3.7425,3.7553,8388.00664215,DOT/USD,1.3231681755001505,-0.005020264212707737,-0.005007683747549119
2025-08-29 18:00:00,3.7547,3.7598,3.7291,3.7291,2937.12943989,DOT/USD,1.3161669176780948,-0.00700125782205574,-0.006976806114025624
2025-08-29 19:00:00,3.7302,3.7757,3.7271,3.7665,5110.82302642,DOT/USD,1.3261461882836123,0.00997927060551751,0.010029229572819265
2025-08-29 20:00:00,3.7622,3.771,3.736,3.7422,56179.13880166,DOT/USD,1.3196736737779948,-0.006472514505617477,-0.006451612903225823
2025-08-29 21:00:00,3.7383,3.785,3.728,3.7779,9169.93032779,DOT/USD,1.3291682996977734,0.009494625919778565,0.009539842873176108
2025-08-29 22:00:00,3.7636,3.7712,3.756,3.7631,11413.15806757,DOT/USD,1.3252430857997926,-0.003925213897980839,-0.003917520315519174
2025-08-29 23:00:00,3.7722,3.7861,3.7722,3.7745,13937.23236279,DOT/USD,1.3282679235975425,0.0030248377977499796,0.0030294172357896443
2025-08-30 00:00:00,3.7748,3.7887,3.7574,3.7638,780.53564717,DOT/USD,1.3254290853486155,-0.002838838248927056,-0.0028348125579548134
2025-08-30 01:00:00,3.7622,3.7714,3.7123,3.7168,13752.82680682,DOT/USD,1.3128630830340076,-0.012566002314607916,-0.012487379775758423
2025-08-30 02:00:00,3.7156,3.7741,3.7156,3.7697,2891.90040115,DOT/USD,1.3269954226967966,0.01413233966278904,0.014232673267326579
2025-08-30 03:00:00,3.7704,3.8216,3.7704,3.8216,21107.57380312,DOT/USD,1.340669183093615,0.013673760396818446,0.013767673820197945
2025-08-30 04:00:00,3.8179,3.8179,3.7949,3.7971,4636.09025953,DOT/USD,1.3342376174843753,-0.006431565609239742,-0.006410927360268048
2025-08-30 05:00:00,3.796,3.814,3.7929,3.808,1790.2684804,DOT/USD,1.337104116929119,0.0028664994447435976,0.0028706117826762245
2025-08-30 06:00:00,3.8022,3.8122,3.7955,3.8,13945.16903872,DOT/USD,1.33500106673234,-0.0021030501967789217,-0.0021008403361344463
2025-08-30 07:00:00,3.8,3.8085,3.7991,3.8085,2720.82890902,DOT/USD,1.3372354108307059,0.0022343440983658702,0.0022368421052632037
2025-08-30 08:00:00,3.81,3.81,3.7983,3.7983,1224.09302557,DOT/USD,1.3345535982121801,-0.0026818126185257363,-0.0026782197715636835
2025-08-30 09:00:00,3.7928,3.7939,3.7783,3.7838,2670.57903762,DOT/USD,1.3307287956701819,-0.00382480254199824,-0.003817497301424333
2025-08-30 10:00:00,3.7829,3.7989,3.7814,3.7896,1080.28537105,DOT/USD,1.332260472627405,0.001531676957223116,0.0015328505734975018
2025-08-30 11:00:00,3.7896,3.79,3.7776,3.7892,2061.303595,DOT/USD,1.3321549150192424,-0.00010555760816255422,-0.00010555203715434391
2025-08-30 12:00:00,3.7938,3.7938,3.757,3.7674,3117.85473848,DOT/USD,1.3263851083659817,-0.005769806653260767,-0.005753193286181846
2025-08-30 13:00:00,3.762,3.7635,3.7338,3.7565,12306.72105219,DOT/USD,1.3234876728270781,-0.0028974355389035367,-0.002893242023676801
2025-08-30 14:00:00,3.7576,3.7637,3.743,3.7632,523.15207189,DOT/USD,1.325269659282116,0.0017819864550379094,0.0017835751364301267
2025-08-30 15:00:00,3.7646,3.7895,3.7602,3.7834,17318.51365171,DOT/USD,1.3306230762494258,0.005353416967309732,0.005367772108843427
2025-08-30 16:00:00,3.7831,3.7831,3.7603,3.7603,2028.00872934,DOT/USD,1.3244987414530136,-0.0061243347964121675,-0.006105619284241692
2025-08-30 17:00:00,3.7603,3.7764,3.7603,3.7712,1348.81504595,DOT/USD,1.3273932531997297,0.0028945117467160664,0.0028987048905673163
2025-08-30 18:00:00,3.7742,3.7825,3.761,3.7729,830.55272698,DOT/USD,1.3278439365227965,0.0004506833230668583,0.0004507848960542127
2025-08-30 19:00:00,3.7671,3.7914,3.766,3.7909,4763.83853196,DOT/USD,1.332603457921975,0.004759521399178457,0.004770865912163025
2025-08-30 20:00:00,3.7845,3.7955,3.7789,3.7907,971.51001811,DOT/USD,1.3325506986099442,-5.275931203074791e-05,-5.275792028280879e-05
2025-08-30 21:00:00,3.7905,3.7968,3.7857,3.7943,11622.90343209,DOT/USD,1.3334999406060728,0.0009492419961285581,0.000949692668900104
2025-08-30 22:00:00,3.7941,3.8,3.783,3.7999,811.62783361,DOT/USD,1.3349747505965999,0.0014748099905270706,0.0014758980576128344
2025-08-30 23:00:00,3.7999,3.8108,3.7999,3.8105,3002.08842073,DOT/USD,1.3377604141240351,0.002785663527435256,0.0027895470933445576
2025-08-31 00:00:00,3.8097,3.8566,3.8097,3.8525,4667.57019544,DOT/USD,1.3487222882121337,0.010961874088098567,0.011022175567510839
2025-08-31 01:00:00,3.8563,3.8728,3.8422,3.8728,24653.68367426,DOT/USD,1.3539777596433475,0.005255471431213854,0.005269305645684508
2025-08-31 02:00:00,3.8675,3.874,3.8507,3.8551,936.44465381,DOT/USD,1.3493969470160725,-0.004580812627275055,-0.004570336707291789
2025-08-31 03:00:00,3.8563,3.8588,3.8483,3.8581,1264.59433086,DOT/USD,1.3501748343135047,0.0007778872974322226,0.0007781899302221618
2025-08-31 04:00:00,3.8602,3.8621,3.8246,3.831,546.951856,DOT/USD,1.343125865718512,-0.007048968594992822,-0.007024182887950037
2025-08-31 05:00:00,3.8311,3.8311,3.8102,3.8195,3257.28044226,DOT/USD,1.3401195239992774,-0.0030063417192345288,-0.0030018271991646417
2025-08-31 06:00:00,3.82,3.8211,3.8001,3.8032,2826.34640453,DOT/USD,1.3358428176237924,-0.00427670637548494,-0.004267574289828602
2025-08-31 07:00:00,3.8032,3.8155,3.8001,3.8028,459.87062325,DOT/USD,1.3357376375027383,-0.00010518012105409369,-0.00010517458981906813
2025-08-31 08:00:00,3.8028,3.8321,3.8027,3.8321,2669.09480303,DOT/USD,1.3434129558015215,0.007675318298783207,0.007704849058588481
2025-08-31 09:00:00,3.8319,3.8445,3.815,3.815,6579.83459158,DOT/USD,1.3389406647364204,-0.004472291065101164,-0.004462305263432609
2025-08-31 10:00:00,3.818,3.8205,3.7864,3.7949,14785.62972186,DOT/USD,1.3336580600392807,-0.005282604697139703,-0.005268676277850548
2025-08-31 11:00:00,3.796,3.8126,3.7902,3.8107,2693.09222246,DOT/USD,1.3378128992969858,0.004154839257705101,0.004163482568710686
2025-08-31 12:00:00,3.8125,3.82,3.7993,3.82,2539.84271056,DOT/USD,1.3402504226184837,0.0024375233214979364,0.0024404964967066345
2025-08-31 13:00:00,3.8182,3.8259,3.7909,3.7987,20485.84243359,DOT/USD,1.334658902937827,-0.005591519680656631,-0.005575916230366351
2025-08-31 14:00:00,3.7978,3.8024,3.78,3.7907,2234.33023397,DOT/USD,1.3325506986099442,-0.0021082043278828344,-0.002105983625977359
2025-08-31 15:00:00,3.7902,3.8166,3.7902,3.8164,1193.42551923,DOT/USD,1.3393075698955537,0.006756871285609423,0.0067797504418707355
2025-08-31 16:00:00,3.8164,3.8164,3.7955,3.8011,1180.73771824,DOT/USD,1.3352904985271274,-0.004017071368426217,-0.004009013730216893
2025-08-31 17:00:00,3.8007,3.8042,3.7897,3.7961,4526.24724624,DOT/USD,1.3339742239201913,-0.0013162746069361742,-0.0013154086974822565
2025-08-31 18:00:00,3.7963,3.8256,3.7951,3.8247,2608.22554957,DOT/USD,1.3414800328300491,0.007505808909857858,0.007534048101999424
2025-08-31 19:00:00,3.8265,3.8281,3.799,3.799,3522.02701018,DOT/USD,1.3347378742054885,-0.0067421586245606235,-0.006719481266504568
2025-08-31 20:00:00,3.799,3.807,3.7791,3.8011,32527.69795426,DOT/USD,1.3352904985271274,0.0005526243216389393,0.0005527770465911797
2025-08-31 21:00:00,3.8001,3.8143,3.7964,3.8069,1890.37655128,DOT/USD,1.3368152096532122,0.0015247111260847657,0.0015258740890795597
2025-08-31 22:00:00,3.8081,3.8081,3.77,3.7741,12644.32998298,DOT/USD,1.3281619436806376,-0.008653265972574653,-0.008615934224697308
2025-08-31 23:00:00,3.7744,3.7744,3.735,3.7417,60591.30424715,DOT/USD,1.319540053606495,-0.008621890074142602,-0.008584828170954628
2025-09-01 00:00:00,3.7419,3.7467,3.7077,3.7314,20113.70912356,DOT/USD,1.3167834983557616,-0.0027565552507333724,-0.0027527594408958134
2025-09-01 01:00:00,3.73,3.7485,3.7123,3.7327,3716.51542761,DOT/USD,1.3171318323848191,0.00034833402905753985,0.000348394704400512
2025-09-01 02:00:00,3.7327,3.734,3.6781,3.6861,29356.57516332,DOT/USD,1.3045689885594982,-0.012562843825320913,-0.012484260722801177
2025-09-01 03:00:00,3.6882,3.699,3.677,3.6903,3224.08772798,DOT/USD,1.305707755560712,0.0011387670012137363,0.0011394156425490465
2025-09-01 04:00:00,3.6856,3.6898,3.6561,3.6688,5850.11963917,DOT/USD,1.299864633121503,-0.005843122439209036,-0.00582608460016798
2025-09-01 05:00:00,3.6704,3.697,3.6574,3.6951,55031.6439108,DOT/USD,1.3070076176334113,0.007142984511908423,0.007168556476232046
2025-09-01 06:00:00,3.6928,3.7113,3.6698,3.7024,77942.39541041,DOT/USD,1.3089812580172204,0.0019736403838090943,0.0019755892939297137
2025-09-01 07:00:00,3.7005,3.8173,3.6863,3.8173,30603.02676411,DOT/USD,1.3395433664304373,0.030562108413216826,0.031033923941227393
2025-09-01 08:00:00,3.818,3.8475,3.796,3.8475,14189.01132189,DOT/USD,1.3474235867308972,0.007880220300459984,0.007911350954863394
2025-09-01 09:00:00,3.8484,3.8827,3.8357,3.8422,19929.63699,DOT/USD,1.3460451192122052,-0.0013784675186920836,-0.0013775178687459588
2025-09-01 10:00:00,3.8361,3.8361,3.7796,3.7962,9229.24965548,DOT/USD,1.3340005663987564,-0.012044552813448739,-0.011972307532143067
2025-09-01 11:00:00,3.7964,3.7964,3.7627,3.7692,3450.88063647,DOT/USD,1.3268627773504642,-0.007137789048292209,-0.007112375533428139
2025-09-01 12:00:00,3.7704,3.7964,3.7634,3.7721,7875.32511901,DOT/USD,1.3276318755544738,0.0007690982040096106,0.0007693940358697304
2025-09-01 13:00:00,3.7695,3.779,3.742,3.7491,52151.56056164,DOT/USD,1.3215158111777106,-0.006116064376763264,-0.006097399326635111
2025-09-01 14:00:00,3.7491,3.7926,3.733,3.7603,96443.6444021,DOT/USD,1.3244987414530136,0.002982930275303053,0.00298738363873996
2025-09-01 15:00:00,3.7611,3.7653,3.7241,3.7273,1844.28966446,DOT/USD,1.3156841109523383,-0.008814630500675324,-0.008775895540249379
2025-09-01 16:00:00,3.7298,3.7377,3.7167,3.7215,6175.514293,DOT/USD,1.3141268128178283,-0.001557298134509999,-0.0015560861749792654
2025-09-01 17:00:00,3.7204,3.7238,3.6966,3.7102,15026.09279777,DOT/USD,1.3110857835221357,-0.00304102929569261,-0.0030364100497111135
2025-09-01 18:00:00,3.7121,3.7303,3.709,3.7261,7557.51660868,DOT/USD,1.315362110251888,0.004276326729752311,0.004285483262357781
2025-09-01 19:00:00,3.724,3.7439,3.724,3.7439,19903.44966377,DOT/USD,1.3201278488569337,0.0047657386050457,0.0047771127989049145
2025-09-01 20:00:00,3.7422,3.7422,3.6464,3.676,30940.94623457,DOT/USD,1.3018252044934406,-0.018302644363493048,-0.018136168166884792
2025-09-01 21:00:00,3.6774,3.6774,3.6154,3.6404,20839.37683564,DOT/USD,1.2920935657210637,-0.009731638772376927,-0.009684439608269924
2025-09-01 22:00:00,3.6404,3.6618,3.6332,3.6598,10767.72283913,DOT/USD,1.2974085011114498,0.005314935390386077,0.005329084715965271
2025-09-01 23:00:00,3.6587,3.7025,3.6587,3.6905,31509.31663829,DOT/USD,1.30576195022797,0.00835344911652025,0.008388436526586052
2025-09-02 00:00:00,3.6905,3.6997,3.6781,3.686,2362.99343996,DOT/USD,1.3045418592476314,-0.001220090980338595,-0.0012193469719550265
2025-09-02 01:00:00,3.6864,3.729,3.6859,3.7157,6812.22184373,DOT/USD,1.3125670857227312,0.008025226475099734,0.008057514921324005
2025-09-02 02:00:00,3.7116,3.7589,3.7116,3.7589,2972.1437723,DOT/USD,1.3241263614082808,0.011559275685549597,0.0116263422773637
2025-09-02 03:00:00,3.7602,3.7838,3.7538,3.7713,5482.20890779,DOT/USD,1.327419769606758,0.0032934081984772323,0.0032988374258426933
2025-09-02 04:00:00,3.7713,3.7838,3.7656,3.7783,14791.10839893,DOT/USD,1.3292741730204418,0.001854403413683814,0.0018561238830112625
2025-09-02 05:00:00,3.7796,3.7848,3.7721,3.7754,8085.2865859,DOT/USD,1.3285063373524963,-0.0007678356679454712,-0.000767540957573587
2025-09-02 06:00:00,3.7784,3.7894,3.7777,3.7849,19123.71763391,DOT/USD,1.3310194664611354,0.0025131291086391006,0.002516289664671323
2025-09-02 07:00:00,3.774,3.774,3.7496,3.7534,7728.21647885,DOT/USD,1.3226620958750352,-0.008357370586100199,-0.00832254484926942
2025-09-02 08:00:00,3.758,3.7751,3.7544,3.7714,20342.50901016,DOT/USD,1.3274462853106852,0.004784189435649955,0.004795651942238965
2025-09-02 09:00:00,3.7652,3.7826,3.7634,3.7771,3100.9648392,DOT/USD,1.3289565194190203,0.0015102341083350623,0.0015113750861748265
2025-09-02 10:00:00,3.7771,3.7827,3.7706,3.7741,2551.53683102,DOT/USD,1.3281619436806376,-0.0007945757383827079,-0.0007942601466733867
2025-09-02 11:00:00,3.774,3.7741,3.756,3.756,1553.32154729,DOT/USD,1.3233545613460165,-0.00480738233462108,-0.004795845367107421
2025-09-02 12:00:00,3.7569,3.7609,3.6934,3.699,87378.13890958,DOT/USD,1.308062512850317,-0.01529204849569954,-0.015175718849840258
2025-09-02 13:00:00,3.7031,3.8043,3.7031,3.7985,29033.19825647,DOT/USD,1.3346062519611392,0.026543739110822306,0.026899161935658444
2025-09-02 14:00:00,3.7991,3.8128,3.7775,3.7964,26373.90776471,DOT/USD,1.3340532492742,-0.0005530026869391413,-0.0005528498091351697
2025-09-02 15:00:00,3.789,3.7891,3.7298,3.734,8649.00507742,DOT/USD,1.3174800451195308,-0.01657320415466934,-0.01643662417026659
2025-09-02 16:00:00,3.7342,3.7638,3.7342,3.7599,2561.78297244,DOT/USD,1.3243923613034492,0.00691231618391841,0.0069362613818961805
2025-09-02 17:00:00,3.7652,3.7826,3.7652,3.7743,922.73526012,DOT/USD,1.3282149350430579,0.0038225737396087034,0.0038298890927950247
2025-09-02 18:00:00,3.7756,3.7756,3.7378,3.768,1350.15964783,DOT/USD,1.3265443567141166,-0.0016705783289412413,-0.001669183689690934
2025-09-02 19:00:00,3.7681,3.7726,3.7404,3.7464,28753.96071177,DOT/USD,1.320795378887195,-0.005748977826921742,-0.00573248407643312
2025-09-02 20:00:00,3.7456,3.7961,3.7456,3.7907,3776.42553095,DOT/USD,1.3325506986099442,0.011755319722749347,0.011824685030963122
2025-09-02 21:00:00,3.7909,3.8119,3.7895,3.8091,3793.61304566,DOT/USD,1.3373929407617184,0.004842242151774201,0.004853984752156482
2025-09-02 22:00:00,3.8064,3.8177,3.7959,3.8157,16954.90241887,DOT/USD,1.3391241341434115,0.0017311933816930303,0.0017326927620697763
2025-09-02 23:00:00,3.8178,3.8234,3.8045,3.8164,55642.07934209,DOT/USD,1.3393075698955537,0.00018343575214219143,0.00018345257750862487
2025-09-03 00:00:00,3.8151,3.8285,3.814,3.8149,4989.57409224,DOT/USD,1.3389144520730811,-0.0003931178224725329,-0.00039304056178590674
2025-09-03 01:00:00,3.803,3.8226,3.7926,3.8226,12974.89913658,DOT/USD,1.3409308193683604,0.00201636729527932,0.002018401530839542
2025-09-03 02:00:00,3.8266,3.8387,3.8181,3.83,7368.00219286,DOT/USD,1.3428648031925547,0.0019339838241942964,0.0019358551771047061
2025-09-03 03:00:00,3.8261,3.8265,3.8121,3.8181,2000.28987515,DOT/USD,1.3397529166839741,-0.00311188650858063,-0.0031070496083551724
2025-09-03 04:00:00,3.8215,3.8253,3.808,3.8129,2011.05391662,DOT/USD,1.3383900544628051,-0.0013628622211689922,-0.0013619339462035418
2025-09-03 05:00:00,3.8113,3.8113,3.7977,3.8015,612.34610398,DOT/USD,1.3353957256863542,-0.002994328776450894,-0.002989850245220249
2025-09-03 06:00:00,3.8015,3.8092,3.7883,3.8082,14401.64291489,DOT/USD,1.3371566365583423,0.0017609108719880417,0.0017624621859793077
2025-09-03 07:00:00,3.8054,3.8078,3.794,3.8078,5255.82920187,DOT/USD,1.337051594541439,-0.00010504201690331172,-0.00010503650018378607
2025-09-03 08:00:00,3.8078,3.8357,3.8078,3.8149,31960.55201283,DOT/USD,1.3389144520730811,0.0018628575316421703,0.0018645937286623226
2025-09-03 09:00:00,3.8224,3.8351,3.8073,3.8333,10926.97115385,DOT/USD,1.3437260510111133,0.00481159893803218,0.00482319326849967
2025-09-03 10:00:00,3.837,3.8493,3.8301,3.8301,9968.38594949,DOT/USD,1.3428909125122777,-0.0008351384988356525,-0.000834789867737995
2025-09-03 11:00:00,3.8353,3.8425,3.8344,3.8366,2902.32824492,DOT/USD,1.3445865577201004,0.0016956452078227269,0.001697083627059337
2025-09-03 12:00:00,3.8301,3.8357,3.8131,3.8136,2413.37801449,DOT/USD,1.338573624908479,-0.006012932811621408,-0.005994891310013961
2025-09-03 13:00:00,3.8212,3.8694,3.8198,3.8502,38353.08049719,DOT/USD,1.3481250950023875,0.009551470093908554,0.009597230962869796
2025-09-03 14:00:00,3.8564,3.8875,3.854,3.8817,20237.32490841,DOT/USD,1.3562732020078798,0.008148107005492289,0.008181393174380602
2025-09-03 15:00:00,3.8811,3.9011,3.8742,3.8932,10674.13456086,DOT/USD,1.3592314415702016,0.002958239562321774,0.002962619470850525
2025-09-03 16:00:00,3.8933,3.9038,3.8656,3.8715,8466.74715393,DOT/USD,1.3536420288446411,-0.005589412725560461,-0.005573821021267911
2025-09-03 17:00:00,3.8756,3.888,3.8756,3.8789,6868.54650643,DOT/USD,1.3555516082853594,0.0019095794407182343,0.0019114038486374163
2025-09-03 18:00:00,3.8803,3.885,3.8734,3.8778,3184.12120839,DOT/USD,1.3552679825147678,-0.0002836257705916001,-0.0002835855526049924
2025-09-03 19:00:00,3.8799,3.8937,3.8744,3.8937,3270.21083339,DOT/USD,1.3593598623796859,0.004091879864918102,0.004100263035741847
2025-09-03 20:00:00,3.894,3.8995,3.8846,3.8938,11161.67594292,DOT/USD,1.359385544562673,2.5682182987152302e-05,2.568251277712541e-05
2025-09-03 21:00:00,3.8947,3.8959,3.8758,3.8866,4970.88258826,DOT/USD,1.357534739448466,-0.0018508051142069881,-0.0018490934305819273
2025-09-03 22:00:00,3.888,3.8933,3.8724,3.8757,4136.06650557,DOT/USD,1.3547262916522282,-0.0028084477962377896,-0.0028045077960170417
2025-09-03 23:00:00,3.8787,3.8787,3.8599,3.8649,1790.95244206,DOT/USD,1.3519358084834516,-0.002790483168776614,-0.0027865933895813155
2025-09-04 00:00:00,3.8665,3.8726,3.8628,3.8725,14803.78673015,DOT/USD,1.3539002933088866,0.0019644848254349867,0.001966415689927281
2025-09-04 01:00:00,3.8668,3.8681,3.854,3.8569,3299.09843669,DOT/USD,1.3498637520038022,-0.004036541305084462,-0.004028405422853432
2025-09-04 02:00:00,3.8612,3.8612,3.8369,3.8369,2238.96355198,DOT/USD,1.344664748897569,-0.005199003106233224,-0.005185511680365074
2025-09-04 03:00:00,3.8368,3.8368,3.8119,3.8119,3761.74736376,DOT/USD,1.3381277524992825,-0.006536996398286421,-0.0065156767181839825
2025-09-04 04:00:00,3.8118,3.8192,3.8075,3.8075,1998.09258906,DOT/USD,1.33697280578718,-0.0011549467121025891,-0.0011542800178389045
2025-09-04 05:00:00,3.8075,3.8075,3.7743,3.7746,15052.35027332,DOT/USD,1.328294416821902,-0.00867838896527795,-0.008640840446487275
2025-09-04 06:00:00,3.7771,3.7794,3.762,3.7674,17421.47895742,DOT/USD,1.3263851083659817,-0.0019093084559203,-0.0019074868860277094
2025-09-04 07:00:00,3.7744,3.7847,3.7703,3.7847,3351.60471769,DOT/USD,1.3309666235103728,0.004581515144391091,0.00459202633115674
2025-09-04 08:00:00,3.7811,3.7968,3.7776,3.7799,2468.98509905,DOT/USD,1.3296975542551008,-0.0012690692552719263,-0.0012682643274235517
2025-09-04 09:00:00,3.783,3.7848,3.7678,3.7748,7068.98001683,DOT/USD,1.328347401165041,-0.0013501530900599246,-0.0013492420434403352
2025-09-04 10:00:00,3.7759,3.7953,3.774,3.792,3637.56975927,DOT/USD,1.3328935843927754,0.004546183227734479,0.0045565327964394164
2025-09-04 11:00:00,3.7883,3.8007,3.7811,3.7841,5034.85674558,DOT/USD,1.330808077901754,-0.0020855064910214605,-0.002083333333333326
2025-09-04 12:00:00,3.784,3.7942,3.77,3.7871,3073.33004645,DOT/USD,1.3316005546972436,0.0007924767954896605,0.0007927908881901757
2025-09-04 13:00:00,3.7893,3.7966,3.7753,3.7831,2612.39421467,DOT/USD,1.3305437793485715,-0.001056775348672101,-0.0010562171582477742
2025-09-04 14:00:00,3.7823,3.7823,3.7436,3.7675,4420.19314018,DOT/USD,1.3264116515185136,-0.004132127830057897,-0.004123602336708054
2025-09-04 15:00:00,3.7666,3.7666,3.744,3.7557,2209.19312991,DOT/USD,1.3232746859515891,-0.0031369655669244434,-0.0031320504313204767
2025-09-04 16:00:00,3.7558,3.7711,3.7558,3.7676,8587.82474705,DOT/USD,1.326438193966525,0.003163508014935923,0.003168517187208675
2025-09-04 17:00:00,3.7661,3.7762,3.7558,3.7558,8158.77831257,DOT/USD,1.3233013117919687,-0.0031368821745563213,-0.0031319673001379833
2025-09-04 18:00:00,3.7587,3.7627,3.7261,3.7422,6248.14332794,DOT/USD,1.3196736737779948,-0.0036276380139739217,-0.003621066084456004
2025-09-04 19:00:00,3.7407,3.7515,3.7346,3.7388,7908.80768302,DOT/USD,1.3187647043262913,-0.0009089694517034896,-0.0009085564641120314
2025-09-04 20:00:00,3.7366,3.7728,3.7366,3.7707,3210.97661955,DOT/USD,1.3272606606167645,0.008495956290473172,0.008532149352733498
2025-09-04 21:00:00,3.7686,3.7846,3.7673,3.7796,15330.79117153,DOT/USD,1.3296181839263337,0.002357523309569176,0.0023603044527540362
2025-09-04 22:00:00,3.7809,3.7953,3.7759,3.7937,9524.36022716,DOT/USD,1.333341796167156,0.003723612240822405,0.0037305534977245536
2025-09-04 23:00:00,3.7967,3.8032,3.7641,3.7671,2072.59736671,DOT/USD,1.3263054746808909,-0.007036321486265207,-0.0070116245354139295
2025-09-05 00:00:00,3.7629,3.7762,3.7609,3.7609,638.64212509,DOT/USD,1.324658290461489,-0.0016471842194019093,-0.001645828356029888
2025-09-05 01:00:00,3.7591,3.7858,3.7591,3.7842,1795.95939245,DOT/USD,1.3308345039155234,0.006176213454034407,0.006195325586960454
2025-09-05 02:00:00,3.7861,3.789,3.7724,3.7843,1072.60575131,DOT/USD,1.3308609292309772,2.6425315453826315e-05,2.642566460542284e-05
2025-09-05 03:00:00,3.7855,3.7855,3.7722,3.7831,389.63496624,DOT/USD,1.3305437793485715,-0.0003171498824057206,-0.0003170995956980338
2025-09-05 04:00:00,3.783,3.79,3.7766,3.79,1914.26838426,DOT/USD,1.332366019094335,0.0018222397457634543,0.0018239010335439065
2025-09-05 05:00:00,3.7893,3.7916,3.7877,3.7909,1679.16376345,DOT/USD,1.332603457921975,0.0002374388276400463,0.00023746701846971696
2025-09-05 06:00:00,3.7905,3.7937,3.7793,3.79,10398.83943412,DOT/USD,1.332366019094335,-0.0002374388276400463,-0.00023741064127258404
2025-09-05 07:00:00,3.79,3.8413,3.79,3.8375,14282.46367363,DOT/USD,1.3448211129133154,0.012455093818980467,0.01253298153034299
2025-09-05 08:00:00,3.8375,3.84,3.8213,3.8243,2217.28403141,DOT/USD,1.341375443994812,-0.0034456689185033973,-0.003439739413680698
2025-09-05 09:00:00,3.8242,3.8269,3.8105,3.8269,6141.54414878,DOT/USD,1.3420550759741299,0.0006796319793178629,0.0006798629814606105
2025-09-05 10:00:00,3.8287,3.8378,3.8271,3.8271,3457.56376932,DOT/USD,1.342107336230217,5.2260256087066637e-05,5.226162167804027e-05
2025-09-05 11:00:00,3.8259,3.8348,3.8219,3.8298,799.46576652,DOT/USD,1.3428125825079296,0.0007052462777126234,0.0007054950223406298
2025-09-05 12:00:00,3.829,3.8892,3.8239,3.8849,10357.6063312,DOT/USD,1.3570972434625905,0.014284660954660966,0.0143871742649746
2025-09-05 13:00:00,3.8892,3.8928,3.872,3.8814,12409.90874026,DOT/USD,1.3561959132958576,-0.0009013301667328832,-0.0009009240907101868
2025-09-05 14:00:00,3.8789,3.8789,3.7769,3.7951,37143.5074284,DOT/USD,1.333710760961559,-0.022485152334298597,-0.02223424537537999
2025-09-05 15:00:00,3.7981,3.8196,3.7865,3.8084,9802.50978305,DOT/USD,1.3372091534293993,0.003498392467840228,0.0035045189850069214
2025-09-05 16:00:00,3.809,3.8221,3.8015,3.8143,8408.73980994,DOT/USD,1.338757161662229,0.001548008232829634,0.0015492070160696425
2025-09-05 17:00:00,3.8154,3.8168,3.7864,3.8011,59114.36428001,DOT/USD,1.3352904985271274,-0.0034666631351014665,-0.003460661196025505
2025-09-05 18:00:00,3.8011,3.8267,3.7864,3.817,62586.14563177,DOT/USD,1.3394647737630927,0.004174275235965252,0.004182999657993847
2025-09-05 19:00:00,3.8162,3.8258,3.8132,3.8195,9613.61853681,DOT/USD,1.3401195239992774,0.0006547502361846647,0.0006549646319098379
2025-09-05 20:00:00,3.8256,3.8421,3.8225,3.8421,6595.89273747,DOT/USD,1.3460190921179986,0.005899568118721277,0.005917004843565943
2025-09-05 21:00:00,3.8427,3.8448,3.8126,3.814,11099.40947088,DOT/USD,1.3386785071782272,-0.007340584939771411,-0.007313708648915895
2025-09-05 22:00:00,3.8166,3.831,3.8115,3.8303,2187.32886951,DOT/USD,1.3429431291067233,0.004264621928496082,0.004273728369166063
2025-09-05 23:00:00,3.8285,3.8338,3.8263,3.8266,1824.40190111,DOT/USD,1.3419766804687654,-0.0009664486379579174,-0.0009659817768842283
2025-09-06 00:00:00,3.8265,3.8476,3.8265,3.8425,5511.42310868,DOT/USD,1.3461231964306137,0.0041465159618483405,0.0041551246537394615
2025-09-06 01:00:00,3.8357,3.8473,3.8357,3.8473,452.25006578,DOT/USD,1.3473716035734287,0.0012484071428149335,0.0012491867273911605
2025-09-06 02:00:00,3.8484,3.8621,3.8468,3.8603,2807.1772424,DOT/USD,1.3507449006639345,0.0033732970905058224,0.0033789930600680584
2025-09-06 03:00:00,3.8642,3.8802,3.8638,3.8799,2972.45300062,DOT/USD,1.3558093801071713,0.005064479443236847,0.005077325596456239
2025-09-06 04:00:00,3.8744,3.8784,3.8472,3.8573,14254.64356527,DOT/USD,1.349967456859875,-0.005841923247296377,-0.005824892394133863
2025-09-06 05:00:00,3.8536,3.8557,3.8322,3.8357,10678.28147784,DOT/USD,1.344351947497839,-0.005615509362036031,-0.005599771861146352
2025-09-06 06:00:00,3.8315,3.8352,3.8286,3.8319,3217.41425576,DOT/USD,1.3433607637347038,-0.0009911837631351172,-0.0009906927027660828
2025-09-06 07:00:00,3.834,3.8341,3.8196,3.8244,1813.60466129,DOT/USD,1.341401592229154,-0.001959171505549806,-0.001957253581774121
2025-09-06 08:00:00,3.826,3.826,3.8136,3.8136,2093.23475732,DOT/USD,1.338573624908479,-0.002827967320675029,-0.002823972387825502
2025-09-06 09:00:00,3.8154,3.8154,3.799,3.8037,4064.64649258,DOT/USD,1.335974277219875,-0.0025993476886039257,-0.0025959723096287135
2025-09-06 10:00:00,3.7989,3.8137,3.797,3.8133,4738.87841518,DOT/USD,1.3384949559865957,0.0025206787667206854,0.0025238583484501476
2025-09-06 11:00:00,3.8164,3.8183,3.808,3.8138,1897.04323221,DOT/USD,1.3386260674183894,0.00013111143179367346,0.00013112002727311278
2025-09-06 12:00:00,3.8132,3.8193,3.8098,3.8098,1099.1139744,DOT/USD,1.3375766943224607,-0.001049373095928674,-0.0010488226965231773
2025-09-06 13:00:00,3.8098,3.8133,3.8021,3.8045,7382.21312662,DOT/USD,1.3361845766344405,-0.001392117688020278,-0.0013911491416872535
2025-09-06 14:00:00,3.8096,3.8243,3.8077,3.8184,4128.21921284,DOT/USD,1.3398314867095498,0.003646910075109311,0.0036535681429885614
2025-09-06 15:00:00,3.8171,3.8171,3.7906,3.7937,817.45662267,DOT/USD,1.333341796167156,-0.006489690542393678,-0.006468677980305926
2025-09-06 16:00:00,3.7912,3.8179,3.786,3.8134,12224.97703486,DOT/USD,1.3385211796482073,0.005179383481051181,0.0051928196747239586
2025-09-06 17:00:00,3.8078,3.8078,3.796,3.7999,2501.33832649,DOT/USD,1.3349747505965999,-0.0035464290516074026,-0.0035401478995122915
2025-09-06 18:00:00,3.7988,3.8106,3.7988,3.8098,3463.89412178,DOT/USD,1.3375766943224607,0.002601943725860867,0.00260533171925581
2025-09-06 19:00:00,3.8069,3.8072,3.791,3.7917,3165.55302743,DOT/USD,1.3328144673390532,-0.004762226983407558,-0.004750905559346985
2025-09-06 20:00:00,3.7919,3.8105,3.7918,3.8105,1122.64368778,DOT/USD,1.3377604141240351,0.004945946784981947,0.004958198169686456
2025-09-06 21:00:00,3.815,3.815,3.8083,3.8139,1254.38272283,DOT/USD,1.3386522876420495,0.0008918735180143411,0.0008922713554651018
2025-09-06 22:00:00,3.8165,3.8208,3.8124,3.8174,606.48830182,DOT/USD,1.339569562613655,0.0009172749716055417,0.0009176957969532218
2025-09-06 23:00:00,3.8181,3.8341,3.812,3.8245,89650.05003752,DOT/USD,1.3414277397797836,0.0018581771661285718,0.001859904647141919
2025-09-07 00:00:00,3.8252,3.8358,3.8222,3.8326,4756.32086573,DOT/USD,1.3435434240522577,0.0021156842724741054,0.0021179239116224657
2025-09-07 01:00:00,3.8322,3.853,3.8315,3.8478,14701.39526252,DOT/USD,1.347501556400735,0.003958132348477417,0.00396597609977567
2025-09-07 02:00:00,3.8482,3.8561,3.8425,3.8561,2428.46920768,DOT/USD,1.3496563100219874,0.002154753621252281,0.0021570767711420746
2025-09-07 03:00:00,3.8556,3.8591,3.8492,3.8503,1291.60697485,DOT/USD,1.3481510673418475,-0.001505242680139851,-0.001504110370581735
2025-09-07 04:00:00,3.8506,3.8524,3.8459,3.8506,942.24087313,DOT/USD,1.348228980313098,7.791297125048224e-05,7.791600654494246e-05
2025-09-07 05:00:00,3.8507,3.8659,3.8467,3.8659,14365.05736761,DOT/USD,1.3521945139228828,0.003965533609784799,0.003973406741806462
2025-09-07 06:00:00,3.8659,3.8659,3.8502,3.8505,7264.57766046,DOT/USD,1.3482030099971678,-0.003991503925715012,-0.003983548462195063
2025-09-07 07:00:00,3.851,3.8621,3.8487,3.8519,1537.19789236,DOT/USD,1.3485665330589192,0.0003635230617513585,0.00036358914426704025
2025-09-07 08:00:00,3.8527,3.8657,3.8527,3.861,1192.83481497,DOT/USD,1.3509262172820993,0.002359684223180114,0.0023624704691191933
2025-09-07 09:00:00,3.861,3.8611,3.8482,3.8528,56975.49966844,DOT/USD,1.34880015669231,-0.002126060589789258,-0.002123802123802254
2025-09-07 10:00:00,3.8546,3.8606,3.8546,3.8577,1350.45070514,DOT/USD,1.350071150962366,0.0012709942700559473,0.0012718023255813282
2025-09-07 11:00:00,3.8595,3.8649,3.8538,3.8649,885.90076761,DOT/USD,1.3519358084834516,0.0018646575210856664,0.0018663970759780213
2025-09-07 12:00:00,3.8658,3.9642,3.8645,3.9593,37854.8857707,DOT/USD,1.3760672419643742,0.024131433480922615,0.024424952780149445
2025-09-07 13:00:00,3.9642,4.0864,3.9642,4.0815,87820.38840656,DOT/USD,1.4064645679092738,0.030397325944899523,0.0308640416235193
2025-09-07 14:00:00,4.0753,4.0753,4.0076,4.0148,63095.74786971,DOT/USD,1.3899875329575082,-0.016477034951765557,-0.01634203111601129
2025-09-07 15:00:00,4.0156,4.025,3.9621,3.9665,44490.07581518,DOT/USD,1.3778840937599206,-0.012103439197587607,-0.012030487197369766
2025-09-07 16:00:00,3.9679,3.9926,3.9679,3.9812,9267.91852161,DOT/USD,1.3815832813897715,0.0036991876298508863,0.0037060380688263006
2025-09-07 17:00:00,3.9801,3.9806,3.955,3.955,12292.73781689,DOT/USD,1.3749806012196173,-0.006602680170154196,-0.00658093037275187
2025-09-07 18:00:00,3.9561,3.9784,3.955,3.9674,2641.89057418,DOT/USD,1.378110968311871,0.003130367092253783,0.0031352718078381248
2025-09-07 19:00:00,3.965,4.0129,3.9592,3.9885,7865.45402562,DOT/USD,1.383415220369047,0.0053042520571759955,0.005318344507738049
2025-09-07 20:00:00,3.9886,3.9928,3.9784,3.9869,19663.14932731,DOT/USD,1.383013986569748,-0.0004012337992991277,-0.0004011533157829428
2025-09-07 21:00:00,3.9904,3.9913,3.9767,3.9822,1895.79514746,DOT/USD,1.3818344303977972,-0.0011795561719507575,-0.0011788607690184083
2025-09-07 22:00:00,3.982,4.0115,3.982,4.0111,11895.40203227,DOT/USD,1.3890655179156766,0.007231087517879375,0.007257294962583316
2025-09-07 23:00:00,4.0129,4.0157,3.9918,3.995,56157.70563869,DOT/USD,1.385043579218238,-0.0040219386974384985,-0.0040138615342424355
2025-09-08 00:00:00,3.9948,4.0184,3.9829,4.0003,25836.24557084,DOT/USD,1.3863693583075314,0.0013257790892933219,0.0013266583229036844
2025-09-08 01:00:00,3.9987,4.0237,3.9957,4.0127,8722.62085969,DOT/USD,1.3894643314507116,0.003094973143180191,0.003099767517436014
2025-09-08 02:00:00,4.0177,4.0568,3.9977,4.041,15326.57320465,DOT/USD,1.3964921860963366,0.0070278546456250535,0.007052607969696423
2025-09-08 03:00:00,4.0462,4.0692,4.0461,4.0498,7317.92722014,DOT/USD,1.398667497183032,0.0021753110866953307,0.0021776787923781793
2025-09-08 04:00:00,4.0458,4.0502,4.0231,4.0269,28141.28043875,DOT/USD,1.3929968491795632,-0.005670648003468726,-0.00565460022717168
2025-09-08 05:00:00,4.0292,4.0463,4.0228,4.0341,13752.47962518,DOT/USD,1.3947832285157968,0.0017863793362336011,0.001787975862325597
2025-09-08 06:00:00,4.0238,4.0238,4.0044,4.0044,26258.28083987,DOT/USD,1.3873937565631917,-0.007389471952605087,-0.00736223693017013
2025-09-08 07:00:00,4.0043,4.0101,3.9877,3.9999,8585.24382203,DOT/USD,1.3862693608073853,-0.0011243957558064732,-0.0011237638597544342
2025-09-08 08:00:00,3.9976,4.0167,3.9975,4.0027,11861.23888772,DOT/USD,1.3869691334098544,0.0006997726024691175,0.0007000175004374665
2025-09-08 09:00:00,4.0032,4.0366,3.9993,4.0306,5211.11334236,DOT/USD,1.3939152482512518,0.006946114841397399,0.006970295050840569
2025-09-08 10:00:00,4.035,4.0506,4.0297,4.0298,12353.16249707,DOT/USD,1.3937167469355287,-0.0001985013157230764,-0.0001984816156402891
2025-09-08 11:00:00,4.0257,4.0314,4.0127,4.0231,4407.20008447,DOT/USD,1.3920527497305564,-0.001663997204972345,-0.0016626135292072686
2025-09-08 12:00:00,4.0262,4.0291,4.0111,4.0259,1839.6634227,DOT/USD,1.3927484883596892,0.0006957386291328582,0.0006959807113915417
2025-09-08 13:00:00,4.0273,4.0471,4.0103,4.0107,63299.38753869,DOT/USD,1.3889657896750496,-0.0037826986846396515,-0.0037755532924315105
2025-09-08 14:00:00,4.0105,4.0566,4.0071,4.0459,35871.37449716,DOT/USD,1.3977040226714537,0.008738232996404083,0.008776522801505982
2025-09-08 15:00:00,4.0423,4.0732,4.038,4.0651,26787.86898429,DOT/USD,1.4024383429431952,0.004734320271741588,0.004745544872587271
2025-09-08 16:00:00,4.0697,4.0773,4.0479,4.05,6716.96544558,DOT/USD,1.3987168811184478,-0.0037214618247474185,-0.0037145457676318605
2025-09-08 17:00:00,4.0489,4.0671,4.0347,4.035,6549.08107908,DOT/USD,1.395006301721912,-0.0037105793965357403,-0.0037037037037036535
2025-09-08 18:00:00,4.0308,4.0551,4.0307,4.0551,2512.49721726,DOT/USD,1.3999753481757549,0.004969046453842774,0.004981412639405214
2025-09-08 19:00:00,4.0519,4.0519,4.0182,4.0213,2281.16531568,DOT/USD,1.3916052334384672,-0.00837011473728766,-0.008335182856156531
2025-09-08 20:00:00,4.022,4.0306,4.0031,4.0151,1453.8187815,DOT/USD,1.3900622536888099,-0.001542979749657336,-0.001541789968418139
2025-09-08 21:00:00,4.0139,4.0601,4.0088,4.0588,6081.88710492,DOT/USD,1.4008873634227907,0.010825109733980876,0.010883913227565767
2025-09-08 22:00:00,4.0586,4.0651,4.0488,4.049,5295.75554243,DOT/USD,1.3984699370500242,-0.00241742637276654,-0.002414506750763601
2025-09-08 23:00:00,4.0478,4.055,4.0327,4.0463,2434.2496288,DOT/USD,1.3978028833027591,-0.0006670537472650562,-0.000666831316374572
2025-09-09 00:00:00,4.05,4.0811,4.05,4.0811,22862.17798469,DOT/USD,1.4063665599215442,0.008563676618785099,0.00860044979363872
2025-09-09 01:00:00,4.0811,4.096,4.0518,4.0574,38792.84316148,DOT/USD,1.400542374385092,-0.005824185536452253,-0.005807257847148972
2025-09-09 02:00:00,4.0589,4.0622,4.021,4.0286,4191.60504138,DOT/USD,1.3934189210621866,-0.007123453322905426,-0.007098141667077562
2025-09-09 03:00:00,4.0245,4.0441,4.0073,4.0422,4756.96200716,DOT/USD,1.3967890982125322,0.003370177150345599,0.003375862582534861
2025-09-09 04:00:00,4.0397,4.0537,4.0359,4.0474,2387.58661232,DOT/USD,1.3980746996554219,0.0012856014428896945,0.0012864281826725499
2025-09-09 05:00:00,4.0529,4.0542,4.0347,4.0542,15208.38463183,DOT/USD,1.3997533808040468,0.0016786811486249054,0.0016800909225676008
2025-09-09 06:00:00,4.0556,4.1215,4.0556,4.1105,152318.45754506,DOT/USD,1.4135446756100511,0.013791294806004384,0.013886833407330768
2025-09-09 07:00:00,4.113,4.168,4.1092,4.1198,38689.54239223,DOT/USD,1.4158046184938315,0.002259942883780397,0.0022624984795036607
2025-09-09 08:00:00,4.1252,4.1421,4.1219,4.1294,6852.65038786,DOT/USD,1.4181321179686421,0.0023274994748105904,0.0023302102043789574
2025-09-09 09:00:00,4.1359,4.1506,4.1304,4.146,9833.19195308,DOT/USD,1.422144014013588,0.004011896044945784,0.0040199544728045655
2025-09-09 10:00:00,4.146,4.159,4.132,4.15,34301.98879879,DOT/USD,1.423108334242607,0.0009643202290190445,0.0009647853352630076
2025-09-09 11:00:00,4.1515,4.1795,4.15,4.15,58295.41395026,DOT/USD,1.423108334242607,0.0,0.0
2025-09-09 12:00:00,4.1501,4.1778,4.1358,4.1371,434785.50999087,DOT/USD,1.4199950592925243,-0.003113274950082623,-0.0031084337349397417
2025-09-09 13:00:00,4.1386,4.1756,4.1189,4.1727,32947.39058737,DOT/USD,1.428563308299057,0.008568249006532636,0.008605061516521184
2025-09-09 14:00:00,4.1727,4.183,4.0711,4.1121,237160.86766409,DOT/USD,1.413933846923308,-0.014629461375748942,-0.014522970738370833
2025-09-09 15:00:00,4.1124,4.117,4.0587,4.0759,343688.9505097,DOT/USD,1.405091581202796,-0.008842265720512055,-0.008803287857785613
2025-09-09 16:00:00,4.0747,4.0832,4.0353,4.05,24210.41388307,DOT/USD,1.3987168811184478,-0.0063747000843481505,-0.006354424789617008
2025-09-09 17:00:00,4.0501,4.0772,4.0492,4.0606,18144.90252296,DOT/USD,1.4013307459460038,0.0026138648275559895,0.002617283950617333
2025-09-09 18:00:00,4.062,4.0832,4.0569,4.0807,9179.84636817,DOT/USD,1.4062685423273076,0.004937796381303761,0.004950007388070832
2025-09-09 19:00:00,4.0833,4.1131,4.0833,4.108,31898.57013039,DOT/USD,1.4129362920663118,0.006667749739004192,0.006690028671551218
2025-09-09 20:00:00,4.108,4.1277,4.0913,4.1246,11096.42201537,DOT/USD,1.4169690453878097,0.004032753321497884,0.0040408958130477846
2025-09-09 21:00:00,4.1259,4.1379,4.101,4.101,6846.32057475,DOT/USD,1.4112308464099221,-0.005738198977887521,-0.005721766959220331
2025-09-09 22:00:00,4.1084,4.1408,4.1016,4.1383,8102.8512747,DOT/USD,1.4202850754871277,0.009054229077205544,0.009095342599366063
2025-09-09 23:00:00,4.1382,4.1442,4.1208,4.1382,5950.8306703,DOT/USD,1.4202609106831636,-2.416480396405518e-05,-2.4164511997604166e-05
2025-09-10 00:00:00,4.1382,4.1473,4.1022,4.1125,10697.07952332,DOT/USD,1.4140311160914902,-0.006229794591673388,-0.006210429655405858
2025-09-10 01:00:00,4.1062,4.1527,4.1006,4.1279,19169.37784057,DOT/USD,1.4177688030796347,0.003737686988144473,0.0037446808510639418
2025-09-10 02:00:00,4.1297,4.1436,4.1229,4.1329,16418.52711535,DOT/USD,1.4189793397372426,0.0012105366576078413,0.0012112696528501221
2025-09-10 03:00:00,4.1376,4.1396,4.1209,4.1313,983.44580335,DOT/USD,1.418592127419053,-0.00038721231818961144,-0.00038713736117490516
2025-09-10 04:00:00,4.135,4.135,4.1034,4.1209,12848.73781453,DOT/USD,1.4160715861073918,-0.0025205413116611286,-0.00251736741461539
2025-09-10 05:00:00,4.1203,4.1203,4.0767,4.0934,39680.1362749,DOT/USD,1.409375920563212,-0.006695665544179885,-0.006673299521949061
2025-09-10 06:00:00,4.0898,4.1127,4.0837,4.1113,5382.20568281,DOT/USD,1.4137392801984683,0.004363359635256359,0.004372892949626284
2025-09-10 07:00:00,4.1076,4.1228,4.1027,4.1154,28526.61412981,DOT/USD,1.4147360347511937,0.0009967545527254096,0.0009972514776348529
2025-09-10 08:00:00,4.1143,4.1229,4.0851,4.0851,101911.93061834,DOT/USD,1.4073462078165022,-0.007389826934691479,-0.007362589298731681
2025-09-10 09:00:00,4.0896,4.0948,4.0692,4.0911,2973.66063836,DOT/USD,1.408813882549761,0.001467674733258706,0.0014687522949254905
2025-09-10 10:00:00,4.0912,4.0974,4.0577,4.0591,14196.69338091,DOT/USD,1.4009612741632869,-0.007852608386474058,-0.007821857202219507
2025-09-10 11:00:00,4.0579,4.0822,4.0566,4.0822,4475.86941392,DOT/USD,1.4066360587778053,0.005674784614518424,0.0056909167056737875
2025-09-10 12:00:00,4.0821,4.1685,4.0772,4.1685,12929.84002487,DOT/USD,1.427556258868531,0.020920200090725816,0.021140561461956642
2025-09-10 13:00:00,4.169,4.2051,4.1491,4.1841,49587.36787013,DOT/USD,1.4312916270506213,0.003735368182090193,0.0037423533645195572
2025-09-10 14:00:00,4.1849,4.2014,4.1593,4.1629,18352.73571115,DOT/USD,1.4262119467857242,-0.005079680264897135,-0.00506680050668018
2025-09-10 15:00:00,4.1629,4.1817,4.1597,4.1721,26315.9892493,DOT/USD,1.4284195061705378,0.002207559384813651,0.002209997838045874
2025-09-10 16:00:00,4.173,4.19,4.1451,4.19,17570.65526937,DOT/USD,1.4327007339340465,0.004281227763508699,0.004290405311473844
2025-09-10 17:00:00,4.1916,4.1974,4.163,4.1889,7473.34711842,DOT/USD,1.4324381696341217,-0.00026256429992477237,-0.0002625298329356207
2025-09-10 18:00:00,4.1873,4.1961,4.1711,4.1936,12397.84671615,DOT/USD,1.433559553587005,0.0011213839528831926,0.0011220129389577504
2025-09-10 19:00:00,4.195,4.195,4.144,4.1643,21311.87140476,DOT/USD,1.4265481942670362,-0.0070113593199687685,-0.006986837085082076
2025-09-10 20:00:00,4.1613,4.1883,4.1589,4.1727,9749.90467918,DOT/USD,1.428563308299057,0.002015114032020815,0.0020171457387796465
2025-09-10 21:00:00,4.1711,4.1944,4.1711,4.1937,7761.21411437,DOT/USD,1.4335833991630553,0.00502009086399835,0.0050327126321085824
2025-09-10 22:00:00,4.1941,4.2234,4.1927,4.2001,46398.64419997,DOT/USD,1.43510833452969,0.001524935366634672,0.0015260986718172997
2025-09-10 23:00:00,4.2036,4.2147,4.193,4.2123,10587.74733944,DOT/USD,1.4380088168065692,0.0029004822768792238,0.0029046927454108307
2025-09-11 00:00:00,4.2162,4.2449,4.1985,4.2369,4809.10583126,DOT/USD,1.4438318697609909,0.005823052954421648,0.005840039883199255
2025-09-11 01:00:00,4.2395,4.2457,4.227,4.2398,6915.63533808,DOT/USD,1.4445160983200152,0.0006842285590242803,0.0006844626967827949
2025-09-11 02:00:00,4.2411,4.2545,4.2132,4.2162,10500.09077398,DOT/USD,1.43893424844407,-0.005581849875945233,-0.005566300297183857
2025-09-11 03:00:00,4.2145,4.2463,4.2099,4.2425,2713.61867263,DOT/USD,1.4451527181262442,0.006218469682174321,0.006237844504530132
2025-09-11 04:00:00,4.2373,4.2373,4.2216,4.226,459.1720242,DOT/USD,1.441255919193865,-0.003896798932379264,-0.0038892162639951877
2025-09-11 05:00:00,4.2178,4.2217,4.2,4.2172,15982.75399818,DOT/USD,1.4391714007206575,-0.002084518473207453,-0.0020823473734027376
2025-09-11 06:00:00,4.2103,4.2278,4.2077,4.2278,4492.09106836,DOT/USD,1.4416817631994487,0.002510362478791217,0.0025135160770179965
2025-09-11 07:00:00,4.2197,4.2269,4.215,4.2243,35468.40848077,DOT/USD,1.4408535666092386,-0.0008281965902101618,-0.0008278537300723254
2025-09-11 08:00:00,4.2207,4.2243,4.211,4.211,1121.79740188,DOT/USD,1.4377001491797907,-0.003153417429447858,-0.003148450630873767
2025-09-11 09:00:00,4.2051,4.2051,4.1769,4.187,7305.76553633,DOT/USD,1.4319844870370064,-0.005715662142784295,-0.005699358822132461
2025-09-11 10:00:00,4.1912,4.2066,4.1912,4.2051,4231.29214416,DOT/USD,1.4362980743549847,0.0043135873179782624,0.00432290422737025
2025-09-11 11:00:00,4.206,4.2186,4.1889,4.1889,7371.57587567,DOT/USD,1.4324381696341217,-0.00385990472086295,-0.003852464864093519
2025-09-11 12:00:00,4.1944,4.2414,4.135,4.1847,71283.18502838,DOT/USD,1.4314350167841623,-0.0010031528499594433,-0.0010026498603451506
2025-09-11 13:00:00,4.1868,4.2045,4.1419,4.2045,13285.94363791,DOT/USD,1.4361553802908158,0.004720363506653502,0.004731521972901387
2025-09-11 14:00:00,4.2063,4.2071,4.1538,4.1835,5724.42908316,DOT/USD,1.4311482167535163,-0.005007163537299464,-0.0049946485907955696
2025-09-11 15:00:00,4.1816,4.183,4.163,4.1651,3879.24322636,DOT/USD,1.4267402849344215,-0.004407931819094824,-0.004398231146169662
2025-09-11 16:00:00,4.163,4.1919,4.163,4.1817,13368.09746189,DOT/USD,1.4307178624218133,0.0039775774873918035,0.003985498547453892
2025-09-11 17:00:00,4.1776,4.1937,4.1712,4.1881,8447.4292143,DOT/USD,1.4322471704691624,0.001529308047349076,0.0015304780352489722
2025-09-11 18:00:00,4.1881,4.189,4.1769,4.1882,17245.98733189,DOT/USD,1.4322710473599147,2.387689075233901e-05,2.3877175807651696e-05
2025-09-11 19:00:00,4.1894,4.2266,4.1894,4.2145,42854.83289676,DOT/USD,1.4385309604553997,0.006259913095485015,0.006279547299555821
2025-09-11 20:00:00,4.2119,4.224,4.2019,4.217,62177.00721438,DOT/USD,1.4391239747644227,0.0005930143090229212,0.0005931901767706194
2025-09-11 21:00:00,4.2165,4.2344,4.2165,4.233,12047.8722317,DOT/USD,1.4429109615387865,0.003786986774363843,0.003794166469053728
2025-09-11 22:00:00,4.232,4.2468,4.232,4.2383,6097.68897716,DOT/USD,1.4441622454483454,0.0012512839095588646,0.0012520670918969579
2025-09-11 23:00:00,4.2384,4.2547,4.2371,4.2377,11753.74927085,DOT/USD,1.4440206692329132,-0.00014157621543220422,-0.00014156619399274817
2025-09-12 00:00:00,4.2425,4.276,4.2314,4.2706,30144.42895509,DOT/USD,1.4517543325916764,0.007733663358763243,0.007763645373669581
2025-09-12 01:00:00,4.2697,4.2723,4.2422,4.2447,20648.31323785,DOT/USD,1.4456711458878793,-0.00608318670379715,-0.00606472158478899
2025-09-12 02:00:00,4.2492,4.2551,4.2226,4.2258,14547.5160418,DOT/USD,1.4412085919972826,-0.004462553890596688,-0.004452611491978287
2025-09-12 03:00:00,4.2314,4.2314,4.2045,4.217,8468.22975125,DOT/USD,1.4391239747644227,-0.002084617232859909,-0.0020824459273983686
2025-09-12 04:00:00,4.219,4.2267,4.21,4.2221,2633.97237769,DOT/USD,1.4403326346027623,0.0012086598383396208,0.0012093905620109702
2025-09-12 05:00:00,4.2225,4.2506,4.2157,4.2501,14487.9987018,DOT/USD,1.4469425120712778,0.00660987746851549,0.0066317709196843655
2025-09-12 06:00:00,4.2501,4.2674,4.2501,4.2532,6420.55947567,DOT/USD,1.447671640794794,0.0007291287235162702,0.0007293946024800047
2025-09-12 07:00:00,4.2532,4.2595,4.2318,4.2319,5559.3097175,DOT/USD,1.4426510647872146,-0.005020576007579436,-0.005007993981002379
2025-09-12 08:00:00,4.2324,4.2324,4.208,4.2102,7164.42739955,DOT/USD,1.4375101525041611,-0.005140912283053467,-0.0051277204092724515
2025-09-12 09:00:00,4.2133,4.2192,4.1863,4.1945,8907.65427545,DOT/USD,1.4337741433042122,-0.0037360091999489864,-0.0037290390005226826
2025-09-12 10:00:00,4.1963,4.1987,4.1738,4.1986,3877.12655462,DOT/USD,1.434751136388085,0.0009769930838727792,0.0009774704970795245
2025-09-12 11:00:00,4.1953,4.2067,4.1726,4.1726,3237.61878254,DOT/USD,1.4285393427136366,-0.0062117936744483515,-0.006192540370599686
2025-09-12 12:00:00,4.1731,4.1984,4.1569,4.1964,5452.04670008,DOT/USD,1.4342270148751934,0.005687672161556856,0.005703877678186142
2025-09-12 13:00:00,4.1967,4.218,4.1901,4.218,15319.17977632,DOT/USD,1.4393610820565828,0.005134067181389312,0.005147269087789619
2025-09-12 14:00:00,4.2211,4.2445,4.209,4.2194,11485.39533781,DOT/USD,1.439692937844586,0.00033185578800321025,0.00033191085822670274
2025-09-12 15:00:00,4.2188,4.2188,4.1912,4.197,29800.5048248,DOT/USD,1.434369984351454,-0.005322953493132054,-0.005308811679385794
2025-09-12 16:00:00,4.197,4.2319,4.15,4.2162,384720.40132817,DOT/USD,1.43893424844407,0.0045642640926160105,0.004574696211579576
2025-09-12 17:00:00,4.2174,4.2649,4.2133,4.2503,43731.18290015,DOT/USD,1.4469895686803873,0.008055320236317387,0.008087851619942299
2025-09-12 18:00:00,4.2533,4.2907,4.2458,4.2877,68721.79540589,DOT/USD,1.4557504586344308,0.00876088995404345,0.008799378867374141
2025-09-12 19:00:00,4.2899,4.2949,4.2763,4.2949,27431.86076401,DOT/USD,1.45742827227809,0.001677813643659265,0.0016792219604917502
2025-09-12 20:00:00,4.2948,4.2949,4.2534,4.28,27141.4936786,DOT/USD,1.4539530095937054,-0.0034752626843845835,-0.0034692309483340678
2025-09-12 21:00:00,4.2696,4.2784,4.261,4.2754,5046.0657072,DOT/USD,1.4528776652630433,-0.0010753443306621424,-0.0010747663551401443
2025-09-12 22:00:00,4.2783,4.3199,4.278,4.3158,94789.2330075,DOT/USD,1.4622827071192286,0.009405041856185292,0.00944940824250362
2025-09-12 23:00:00,4.3159,4.3208,4.3094,4.3197,8660.31423812,DOT/USD,1.4631859554001974,0.0009032482809687714,0.0009036563325455216
2025-09-13 00:00:00,4.3198,4.3419,4.3089,4.3406,32893.49721761,DOT/USD,1.4680125874047485,0.004826632004551135,0.004838298955946119
2025-09-13 01:00:00,4.3403,4.3518,4.3157,4.3191,24099.03383053,DOT/USD,1.4630470472182822,-0.004965540186466333,-0.0049532322720362565
2025-09-13 02:00:00,4.3162,4.343,4.3061,4.3361,12572.09869979,DOT/USD,1.4669753266020318,0.003928279383749622,0.003936005186265801
2025-09-13 03:00:00,4.3411,4.3787,4.3411,4.3748,21290.92459872,DOT/USD,1.4758608044789336,0.00888547787690186,0.008925070916260935
2025-09-13 04:00:00,4.3766,4.3985,4.3682,4.3879,20618.17785623,DOT/USD,1.4788507527275945,0.002989948248660834,0.0029944226021763054
2025-09-13 05:00:00,4.3848,4.4176,4.365,4.4176,31663.24931613,DOT/USD,1.485596562193753,0.006745809466158548,0.006768613687641034
2025-09-13 06:00:00,4.4157,4.5,4.4157,4.4538,89758.75891736,DOT/USD,1.4937576643694193,0.008161102175666235,0.008194494748279713
2025-09-13 07:00:00,4.4489,4.4844,4.4317,4.464,26637.55764662,DOT/USD,1.49604522507901,0.002287560709590686,0.0022901791728411336
2025-09-13 08:00:00,4.4547,4.5289,4.4543,4.5088,87058.48776471,DOT/USD,1.506031042722224,0.009985817643214157,0.010035842293906638
2025-09-13 09:00:00,4.5049,4.519,4.4963,4.5133,34935.95872851,DOT/USD,1.5070285932643739,0.0009975505421497832,0.0009980482611782193
2025-09-13 10:00:00,4.5162,4.595,4.5075,4.5757,66830.04135971,DOT/USD,1.5207596924878233,0.013731099223449394,0.013825803735625808
2025-09-13 11:00:00,4.5756,4.5831,4.5149,4.5831,50189.35565338,DOT/USD,1.5223756250576497,0.0016159325698263949,0.0016172388924098335
2025-09-13 12:00:00,4.5845,4.6233,4.5609,4.6131,80581.31631893,DOT/USD,1.5289000822076197,0.006524457149970075,0.006545787785560142
2025-09-13 13:00:00,4.6098,4.62,4.4825,4.5434,56739.48355907,DOT/USD,1.5136756304469834,-0.01522445176063636,-0.015109145693785075
2025-09-13 14:00:00,4.5414,4.574,4.4982,4.535,51225.57537963,DOT/USD,1.5118250835670999,-0.0018505468798835079,-0.0018488356737245137
2025-09-13 15:00:00,4.535,4.5542,4.4983,4.5111,9854.53676684,DOT/USD,1.5065410262142471,-0.005284057352852756,-0.005270121278941664
2025-09-13 16:00:00,4.5113,4.5376,4.4465,4.4643,79149.40677412,DOT/USD,1.4961124271219772,-0.010428599092269897,-0.01037440978918669
2025-09-13 17:00:00,4.4698,4.4932,4.4213,4.4895,25333.42451414,DOT/USD,1.5017413369787262,0.00562890985674902,0.005644781936697818
2025-09-13 18:00:00,4.4754,4.4818,4.4557,4.4748,3448.8816544,DOT/USD,1.4984616579906385,-0.0032796789880877864,-0.0032743067156697503
2025-09-13 19:00:00,4.4707,4.4737,4.4575,4.4657,16984.43220587,DOT/USD,1.4964259769565729,-0.002035681034065595,-0.002033610440690059
2025-09-13 20:00:00,4.4635,4.4954,4.4635,4.491,4656.86145235,DOT/USD,1.5020753941056009,0.005649417149028002,0.005665405199632767
2025-09-13 21:00:00,4.4856,4.5129,4.4856,4.4956,11024.60176396,DOT/USD,1.503099140661975,0.00102374655637405,0.0010242707637497794
2025-09-13 22:00:00,4.4936,4.5134,4.4855,4.4918,1927.48097045,DOT/USD,1.5022535122874852,-0.0008456283744897597,-0.0008452709315776019
2025-09-13 23:00:00,4.4939,4.5089,4.4906,4.495,4518.16977546,DOT/USD,1.5029656679235837,0.0007121556360984993,0.0007124092791310765
2025-09-14 00:00:00,4.496,4.496,4.4394,4.4519,7632.2434212,DOT/USD,1.4933309713461134,-0.009634696577470292,-0.009588431590656254
2025-09-14 01:00:00,4.4438,4.457,4.4031,4.4559,43083.81814026,DOT/USD,1.4942290607214597,0.0008980893753463004,0.0008984927783641794
2025-09-14 02:00:00,4.4594,4.486,4.4436,4.4511,15520.00616391,DOT/USD,1.4931512566427207,-0.0010778040787389198,-0.0010772234565405991
2025-09-14 03:00:00,4.4522,4.4531,4.3947,4.3997,9053.18199828,DOT/USD,1.4815363567815478,-0.011614899861172923,-0.011547707308305788
2025-09-14 04:00:00,4.399,4.4123,4.3681,4.4001,20278.36245573,DOT/USD,1.4816272679386822,9.09111571343324e-05,9.09152896788612e-05
2025-09-14 05:00:00,4.3995,4.442,4.3995,4.442,14095.16641843,DOT/USD,1.4911047254722358,0.009477457533553668,0.009522510852026045
2025-09-14 06:00:00,4.443,4.4433,4.4114,4.4146,4127.69005225,DOT/USD,1.4849172297249744,-0.006187495747261407,-0.0061683926159388225
2025-09-14 07:00:00,4.4091,4.4395,4.4091,4.4238,980.58788213,DOT/USD,1.4869990552415229,0.0020818255165484523,0.0020839940198431606
2025-09-14 08:00:00,4.414,4.4349,4.407,4.4262,1501.70501126,DOT/USD,1.4875414281361745,0.0005423728946516437,0.0005425200054252066
2025-09-14 09:00:00,4.4213,4.4646,4.4099,4.4494,15977.5981088,DOT/USD,1.492769255626896,0.005227827490721593,0.005241516424924431
2025-09-14 10:00:00,4.4495,4.4611,4.4351,4.4452,2069.32671945,DOT/USD,1.4918248623293544,-0.0009443932975417013,-0.0009439474985390994
2025-09-14 11:00:00,4.4449,4.4449,4.3702,4.3738,44538.38875953,DOT/USD,1.4756321964720858,-0.01619266585726864,-0.016062269414199526
2025-09-14 12:00:00,4.3762,4.3943,4.3342,4.3515,22781.98503004,DOT/USD,1.4705206132474313,-0.005111583224654437,-0.005098541314189187
2025-09-14 13:00:00,4.3443,4.3618,4.3103,4.3295,10018.14781546,DOT/USD,1.465452061905719,-0.005068551341712357,-0.00505572790991593
2025-09-14 14:00:00,4.3308,4.3552,4.2838,4.3141,26609.75116628,DOT/USD,1.4618887280413737,-0.003563333864345264,-0.0035569927243331856
2025-09-14 15:00:00,4.319,4.3352,4.2888,4.3251,29190.95474616,DOT/USD,1.4644352615038307,0.0025465334624570346,0.002549778632854993
2025-09-14 16:00:00,4.3285,4.3651,4.3243,4.3493,5943.61511413,DOT/USD,1.4700149126114246,0.0055796511075938415,0.005595246352685601
2025-09-14 17:00:00,4.3493,4.3764,4.3413,4.3658,6782.11807052,DOT/USD,1.473801448558125,0.00378653594670042,0.0037937139309773826
2025-09-14 18:00:00,4.3619,4.3619,4.3325,4.3352,11487.92881591,DOT/USD,1.4667677452697674,-0.007033703288357618,-0.007009024691923549
2025-09-14 19:00:00,4.3331,4.3473,4.3095,4.3301,28115.04907469,DOT/USD,1.465590636435942,-0.001177108833825491,-0.0011764163129730498
2025-09-14 20:00:00,4.3315,4.35,4.3299,4.3355,3787.75903104,DOT/USD,1.4668369438350781,0.0012463073991362261,0.0012470843629477368
2025-09-14 21:00:00,4.3328,4.3548,4.3186,4.348,6889.09789877,DOT/USD,1.469715969258963,0.002879025423884851,0.0028831737977166316
2025-09-14 22:00:00,4.3502,4.3716,4.3356,4.3658,4189.84473052,DOT/USD,1.473801448558125,0.0040854792991620315,0.004093836246550131
2025-09-14 23:00:00,4.3607,4.3607,4.3129,4.3227,3260.73287382,DOT/USD,1.463880207024861,-0.009921241533263903,-0.009872188373264867
2025-09-15 00:00:00,4.3178,4.3569,4.3178,4.3388,9535.26072405,DOT/USD,1.4675978121839255,0.0037176051590643855,0.0037245240243366506
2025-09-15 01:00:00,4.3436,4.3442,4.2923,4.3297,4547.82698192,DOT/USD,1.4654982555494815,-0.0020995566344439442,-0.0020973541071264146
2025-09-15 02:00:00,4.3358,4.3634,4.331,4.3398,3703.42442976,DOT/USD,1.467828264101153,0.0023300085516715363,0.0023327251310716335
2025-09-15 03:00:00,4.3354,4.373,4.3331,4.3712,3378.49000231,DOT/USD,1.4750375709542791,0.007209306853126041,0.007235356468039855
2025-09-15 04:00:00,4.3679,4.3852,4.3552,4.3647,4961.13121116,DOT/USD,1.4735494584073157,-0.0014881125469634604,-0.0014870058565153998
2025-09-15 05:00:00,4.3638,4.4002,4.3592,4.4002,9556.43597254,DOT/USD,1.4816499944366435,0.00810053602932781,0.008133434142094442
2025-09-15 06:00:00,4.4007,4.4007,4.31,4.3193,19851.27375842,DOT/USD,1.463093352089563,-0.018556642347080432,-0.018385527930548595
2025-09-15 07:00:00,4.3257,4.347,4.2416,4.2558,152748.07607736,DOT/USD,1.448282758453959,-0.014810593635603997,-0.014701456254485712
2025-09-15 08:00:00,4.2552,4.2552,4.1425,4.1468,115896.09561939,DOT/USD,1.42233695246682,-0.025945805987139137,-0.025612105832040988
2025-09-15 09:00:00,4.1468,4.2005,4.1434,4.195,15626.72451989,DOT/USD,1.4338933399191696,0.011556387452349659,0.011623420468795276
2025-09-15 10:00:00,4.1947,4.209,4.1574,4.2011,8809.59062277,DOT/USD,1.4353463957601624,0.0014530558409928673,0.0014541120381406092
2025-09-15 11:00:00,4.1985,4.21,4.1771,4.1933,13402.86719177,DOT/USD,1.433488013446994,-0.0018583823131683719,-0.0018566565899408305
2025-09-15 12:00:00,4.1935,4.2062,4.1621,4.1621,10964.25073618,DOT/USD,1.4260197545929403,-0.0074682588540537775,-0.0074404407030262965
2025-09-15 13:00:00,4.1674,4.2011,4.1596,4.1838,15080.23426665,DOT/USD,1.431219924472883,0.005200169879942651,0.005213714230796862
2025-09-15 14:00:00,4.1838,4.1873,4.1502,4.1533,6418.83829103,DOT/USD,1.4239031989768083,-0.00731672549607465,-0.007290023423681791
2025-09-15 15:00:00,4.1536,4.1639,4.1181,4.1455,7074.68102217,DOT/USD,1.4220234085741363,-0.0018797904026719436,-0.001878024703247938
2025-09-15 16:00:00,4.1452,4.151,4.107,4.117,9623.62942958,DOT/USD,1.4151247427877676,-0.006898665786368774,-0.006874924617054634
2025-09-15 17:00:00,4.1178,4.14,4.1139,4.14,5944.8822172,DOT/USD,1.4206957878372228,0.00557104504945527,0.005586592178770777
2025-09-15 18:00:00,4.1388,4.1485,4.119,4.1477,5285.24751526,DOT/USD,1.4225539637402018,0.0018581759029789868,0.001859903381642658
2025-09-15 19:00:00,4.1493,4.1587,4.1302,4.1421,6093.88120302,DOT/USD,1.4212029056080793,-0.0013510581321225512,-0.0013501458639728625
2025-09-15 20:00:00,4.1436,4.166,4.1436,4.1637,8019.14061595,DOT/USD,1.426404102047767,0.005201196439687639,0.0052147461432607845
2025-09-15 21:00:00,4.1658,4.1782,4.1546,4.172,18102.65296205,DOT/USD,1.428395537138526,0.001991435090759053,0.001993419314551881
2025-09-15 22:00:00,4.1729,4.1785,4.1516,4.1549,1361.41628841,DOT/USD,1.4242883606290988,-0.004107176509427157,-0.004098753595397908
2025-09-15 23:00:00,4.1515,4.161,4.1411,4.1552,17504.92517795,DOT/USD,1.4243605619263469,7.220129724805346e-05,7.220390382434161e-05
2025-09-16 00:00:00,4.1484,4.15,4.1272,4.1354,2408.52010159,DOT/USD,1.4195840589845325,-0.004776502941814309,-0.0047651135926068955
2025-09-16 01:00:00,4.1374,4.164,4.13,4.13,2929.91567748,DOT/USD,1.4182774069729414,-0.0013066520115911917,-0.0013057987135464133
2025-09-16 02:00:00,4.1308,4.148,4.1251,4.1267,4520.24471857,DOT/USD,1.4174780561001437,-0.0007993508727976995,-0.0007990314769976692
2025-09-16 03:00:00,4.1251,4.1611,4.1251,4.159,7716.46438575,DOT/USD,1.4252746607607745,0.007796604660630813,0.00782707732570831
2025-09-16 04:00:00,4.1591,4.1626,4.113,4.1532,7933.37479987,DOT/USD,1.4238791214471618,-0.0013955393136126926,-0.0013945660014426098
2025-09-16 05:00:00,4.1562,4.2011,4.1562,4.2011,26952.17534349,DOT/USD,1.4353463957601624,0.011467274313000653,0.011533275546566468
2025-09-16 06:00:00,4.206,4.2113,4.1464,4.1576,7056.96881132,DOT/USD,1.424937984712095,-0.010408411048067334,-0.010354430982361773
2025-09-16 07:00:00,4.1545,4.171,4.149,4.1677,10525.78121509,DOT/USD,1.427364324893229,0.002426340181133968,0.0024292861266113075
2025-09-16 08:00:00,4.1692,4.2222,4.1692,4.2194,52282.86497531,DOT/USD,1.439692937844586,0.012328612951356899,0.01240492357895251
2025-09-16 09:00:00,4.2211,4.25,4.2183,4.2443,10823.69978506,DOT/USD,1.445576906283616,0.005883968439029941,0.005901312982888429
2025-09-16 10:00:00,4.2462,4.2487,4.217,4.219,8505.83762927,DOT/USD,1.4395981331422016,-0.005978773141414262,-0.005960935843366322
2025-09-16 11:00:00,4.2172,4.224,4.202,4.2108,1983.97263725,DOT/USD,1.4376526533950327,-0.0019454797471689655,-0.0019435885280872922
2025-09-16 12:00:00,4.2147,4.2201,4.2066,4.2098,813.86671599,DOT/USD,1.437415140627605,-0.00023751276742767224,-0.0002374845635032541
2025-09-16 13:00:00,4.2122,4.2456,4.172,4.2048,24188.4364416,DOT/USD,1.4362267298680995,-0.0011884107595054871,-0.001187704879091811
2025-09-16 14:00:00,4.2052,4.2052,4.1561,4.1861,16173.86950449,DOT/USD,1.4317695128927905,-0.004457216975308986,-0.0044472983257229926
2025-09-16 15:00:00,4.1718,4.2285,4.17,4.2285,6286.61751908,DOT/USD,1.44184732024014,0.010077807347349532,0.010128759465851456
2025-09-16 16:00:00,4.227,4.2298,4.1977,4.2159,5837.74212355,DOT/USD,1.4388630917926721,-0.0029842284474679293,-0.0029797800638524663
2025-09-16 17:00:00,4.2159,4.2865,4.2159,4.266,13313.05693977,DOT/USD,1.4506766200491588,0.011813528256486627,0.011883583576460355
2025-09-16 18:00:00,4.2737,4.2828,4.2548,4.2674,6767.90637823,DOT/USD,1.4510047424886463,0.0003281224394875437,0.000328176277543335
2025-09-16 19:00:00,4.2678,4.2782,4.259,4.2776,19798.00317859,DOT/USD,1.4533921046523848,0.002387362163738471,0.002390214181937411
2025-09-16 20:00:00,4.2756,4.2883,4.262,4.2647,22481.06467643,DOT/USD,1.450371838493117,-0.0030202661592677593,-0.003015709743781403
2025-09-16 21:00:00,4.2656,4.2828,4.2644,4.2828,7161.18288003,DOT/USD,1.4546070013019778,0.004235162808860826,0.0042441437850258
2025-09-16 22:00:00,4.2888,4.2943,4.2772,4.28,8734.83605006,DOT/USD,1.4539530095937054,-0.0006539917082724056,-0.0006537779023068069
2025-09-16 23:00:00,4.28,4.2801,4.25,4.2574,2317.96773018,DOT/USD,1.4486586453164405,-0.005294364277264929,-0.00528037383177582
2025-09-17 00:00:00,4.2569,4.2578,4.2414,4.2494,13540.90094884,DOT/USD,1.4467777964994013,-0.0018808488170392046,-0.0018790811293277754
2025-09-17 01:00:00,4.2475,4.2531,4.2305,4.2355,1321.0269352,DOT/USD,1.4435013848894687,-0.003276411609932639,-0.0032710500305924706
2025-09-17 02:00:00,4.2384,4.262,4.2316,4.2491,3114.51645212,DOT/USD,1.4467071958051319,0.0032058109156631875,0.0032109550230197126
2025-09-17 03:00:00,4.2492,4.2549,4.2129,4.2187,12823.76694507,DOT/USD,1.4395270237166173,-0.007180172088514514,-0.00715445623779154
2025-09-17 04:00:00,4.2158,4.2238,4.1851,4.1887,5865.38314405,DOT/USD,1.4323904232628368,-0.007136600453780506,-0.007111195391945491
2025-09-17 05:00:00,4.1961,4.2127,4.18,4.2127,7801.28558744,DOT/USD,1.4381037722962549,0.005713349033418025,0.0057297013393176055
2025-09-17 06:00:00,4.2128,4.2321,4.2056,4.23,14878.45353848,DOT/USD,1.4422019930581866,0.004098220761931781,0.004106629952287166
2025-09-17 07:00:00,4.2299,4.239,4.2257,4.2312,14925.16527177,DOT/USD,1.4424856407696331,0.0002836477114465108,0.00028368794326238955
2025-09-17 08:00:00,4.2308,4.2308,4.1871,4.1967,11935.14947223,DOT/USD,1.4342985021683574,-0.008187138601275734,-0.00815371525808295
2025-09-17 09:00:00,4.1913,4.1918,4.1779,4.1795,1973.65646573,DOT/USD,1.4301916221570738,-0.004106880011283565,-0.004098458312483566
2025-09-17 10:00:00,4.1817,4.1853,4.1641,4.1711,9867.63240017,DOT/USD,1.4281797899933424,-0.002011832163731464,-0.0020098097858595176
2025-09-17 11:00:00,4.1697,4.1924,4.1697,4.1843,1139.53469116,DOT/USD,1.4313394259130177,0.0031596359196752744,0.003164632830668257
2025-09-17 12:00:00,4.1822,4.1994,4.1747,4.1925,2207.77493462,DOT/USD,1.4332972147152268,0.001957788802209093,0.0019597065219987275
2025-09-17 13:00:00,4.1943,4.1998,4.1767,4.1894,4928.1632462,DOT/USD,1.4325575255895286,-0.0007396891256981064,-0.0007394156231365079
2025-09-17 14:00:00,4.1894,4.1972,4.1666,4.1666,8756.17380829,DOT/USD,1.4271003555121444,-0.005457170077384221,-0.005442306774239736
2025-09-17 15:00:00,4.1658,4.1737,4.1588,4.1718,4455.0389773,DOT/USD,1.4283475973508901,0.001247241838745694,0.0012480199683195803
2025-09-17 16:00:00,4.1681,4.1936,4.1426,4.1934,38001.56375798,DOT/USD,1.4335118607290012,0.005164263378111045,0.005177621170717517
2025-09-17 17:00:00,4.1895,4.2331,4.1597,4.1714,18381.32934569,DOT/USD,1.4282517108803976,-0.005260149848603568,-0.00524633948585862
2025-09-17 18:00:00,4.1577,4.2433,4.1542,4.176,70980.46791615,DOT/USD,1.4293538505803376,0.0011021396999399968,0.0011027472790909876
2025-09-17 19:00:00,4.1813,4.28,4.1813,4.28,18294.44837868,DOT/USD,1.4539530095937054,0.024599159013367844,0.02490421455938696
2025-09-17 20:00:00,4.2809,4.3392,4.2486,4.2515,14191.89400689,DOT/USD,1.4472718618437102,-0.0066811477499952865,-0.006658878504672949
2025-09-17 21:00:00,4.2519,4.3168,4.2279,4.3053,5763.84645949,DOT/USD,1.4598468218628589,0.012574960019148707,0.012654357285663886
2025-09-17 22:00:00,4.315,4.424,4.315,4.4087,16907.84239583,DOT/USD,1.4835798614207407,0.023733039557881863,0.024016909390750962
2025-09-17 23:00:00,4.4105,4.4283,4.391,4.4031,22583.47700555,DOT/USD,1.4823088383031258,-0.0012710231176149556,-0.0012702157098463118
2025-09-18 00:00:00,4.4036,4.4227,4.3803,4.3842,22990.82168257,DOT/USD,1.47800716904309,-0.004301669260035723,-0.004292430333174391
2025-09-18 01:00:00,4.3821,4.4663,4.3795,4.4472,32134.69249588,DOT/USD,1.4922746846571227,0.014267515614032611,0.014369782400437847
2025-09-18 02:00:00,4.4493,4.4537,4.4168,4.4537,11733.12422813,DOT/USD,1.4937352113803641,0.0014605267232414842,0.0014615938118367477
2025-09-18 03:00:00,4.4537,4.4896,4.4465,4.476,11268.35377894,DOT/USD,1.4987297904496788,0.004994579069314664,0.005007072770954357
2025-09-18 04:00:00,4.4783,4.484,4.4611,4.4782,17041.27880391,DOT/USD,1.4992211799751012,0.000491389525422381,0.0004915102770330915
2025-09-18 05:00:00,4.474,4.492,4.4544,4.456,10431.25783018,DOT/USD,1.494251502624983,-0.004969677350118218,-0.004957348934839789
2025-09-18 06:00:00,4.456,4.4753,4.4207,4.4567,27792.81995811,DOT/USD,1.4944085818493344,0.00015707922435148625,0.0001570915619388824
2025-09-18 07:00:00,4.46,4.5134,4.4457,4.4888,11047.19500314,DOT/USD,1.5015854054546252,0.007176823605290705,0.007202638723719401
2025-09-18 08:00:00,4.4899,4.5583,4.4789,4.5183,118615.03856968,DOT/USD,1.5081358169037755,0.006550411449150362,0.006571912315095352
2025-09-18 09:00:00,4.5185,4.5393,4.5034,4.5376,33984.02137153,DOT/USD,1.5123982379156167,0.004262421011841155,0.0042715180488237525
2025-09-18 10:00:00,4.5378,4.5659,4.5151,4.5363,13621.14300829,DOT/USD,1.512111701804596,-0.00028653611102069654,-0.0002864950634697827
2025-09-18 11:00:00,4.5408,4.5508,4.5215,4.5229,7763.77265556,DOT/USD,1.5091533810317492,-0.0029583207728467453,-0.0029539492537971057
2025-09-18 12:00:00,4.5241,4.5428,4.515,4.5399,8085.62228728,DOT/USD,1.5129049853789531,0.0037516043472038962,0.0037586504234010665
2025-09-18 13:00:00,4.5399,4.5766,4.5269,4.5685,51369.81929596,DOT/USD,1.5191849234565382,0.00627993807758509,0.00629969823123866
2025-09-18 14:00:00,4.5735,4.5753,4.541,4.5648,40002.0564949,DOT/USD,1.5183747014770985,-0.0008102219794396959,-0.0008098938382401499
2025-09-18 15:00:00,4.5677,4.5678,4.5431,4.5518,13018.54591362,DOT/USD,1.515522759127676,-0.0028519423494224316,-0.0028478794251665107
2025-09-18 16:00:00,4.55,4.5663,4.5475,4.5539,18616.40959098,DOT/USD,1.5159840086828407,0.0004612495551645779,0.0004613559470978412
2025-09-18 17:00:00,4.5545,4.59,4.5477,4.5876,21605.66388237,DOT/USD,1.5233570115082304,0.007373002825389774,0.007400250334878011
2025-09-18 18:00:00,4.5862,4.5984,4.5614,4.5916,24965.87545041,DOT/USD,1.5242285472092045,0.0008715357009740909,0.0008719155985699167
2025-09-18 19:00:00,4.5909,4.5951,4.533,4.566,41800.97337791,DOT/USD,1.5186375481076038,-0.005590999101600769,-0.005575398553881006
2025-09-18 20:00:00,4.5646,4.571,4.552,4.5675,17769.97253651,DOT/USD,1.5189660092700248,0.0003284611624210232,0.0003285151116951823
2025-09-18 21:00:00,4.5697,4.571,4.5477,4.5513,20744.58699698,DOT/USD,1.5154129064400197,-0.003553102830005095,-0.003546798029556597
2025-09-18 22:00:00,4.5502,4.563,4.5352,4.5455,6019.05247149,DOT/USD,1.5141377325797758,-0.0012751738602438945,-0.0012743611715335668
2025-09-18 23:00:00,4.5466,4.5466,4.5136,4.5375,22830.35515021,DOT/USD,1.512376199590969,-0.0017615329888067688,-0.0017599824001760522
2025-09-19 00:00:00,4.5399,4.8038,4.5399,4.8021,151001.14896952,DOT/USD,1.5690533222386245,0.056677122647655453,0.058314049586777106
2025-09-19 01:00:00,4.8,4.8786,4.7085,4.7224,128937.48560422,DOT/USD,1.5523171449443427,-0.016736177294281784,-0.016596905520501415
2025-09-19 02:00:00,4.7208,4.7413,4.6481,4.6853,96608.84827224,DOT/USD,1.5444299477918342,-0.007887197152508518,-0.007856174826359585
2025-09-19 03:00:00,4.6881,4.7099,4.6165,4.6287,32971.24185315,DOT/USD,1.532276051134953,-0.012153896656881269,-0.012080336371203426
2025-09-19 04:00:00,4.6315,4.671,4.5714,4.6685,23884.32918852,DOT/USD,1.5408378209418434,0.008561769806890496,0.008598526584137955
2025-09-19 05:00:00,4.6686,4.673,4.6164,4.6549,13961.04078957,DOT/USD,1.5379204282211616,-0.0029173927206818107,-0.0029131412659313405
2025-09-19 06:00:00,4.6464,4.6464,4.579,4.579,49053.38057561,DOT/USD,1.5214806336749584,-0.016439794546203146,-0.016305398612215027
2025-09-19 07:00:00,4.5858,4.6208,4.5728,4.6068,20419.14886817,DOT/USD,1.5275334728126153,0.0060528391376568624,0.0060711945839702075
2025-09-19 08:00:00,4.6084,4.6353,4.5934,4.5946,6024.73496222,DOT/USD,1.5248817008759334,-0.002651771936681868,-0.0026482590952504603
2025-09-19 09:00:00,4.5957,4.6264,4.5353,4.5475,30666.3821236,DOT/USD,1.5145776314101402,-0.010304069465793209,-0.010251164410394753
2025-09-19 10:00:00,4.5493,4.57,4.5343,4.5554,115088.23207892,DOT/USD,1.5163133424436253,0.0017357110334850212,0.001737218251786521
2025-09-19 11:00:00,4.5551,4.5551,4.4658,4.4942,163934.85593136,DOT/USD,1.5027876765556951,-0.013525665887930138,-0.013434605084075901
2025-09-19 12:00:00,4.495,4.526,4.4853,4.487,18808.01698557,DOT/USD,1.5011843269938463,-0.0016033495618488214,-0.0016020648836277962
2025-09-19 13:00:00,4.4907,4.5377,4.4824,4.5231,24957.67107366,DOT/USD,1.5091975994708455,0.008013272476999234,0.008045464675729974
2025-09-19 14:00:00,4.5237,4.5308,4.471,4.488,25422.06713208,DOT/USD,1.5014071682203953,-0.007790431250450203,-0.007760164488956667
2025-09-19 15:00:00,4.4881,4.4938,4.03,4.4411,1638185.00156475,DOT/USD,1.4909020935074757,-0.010505074712919615,-0.01045008912655987
2025-09-19 16:00:00,4.4411,4.4543,4.4245,4.4467,40784.84638555,DOT/USD,1.4921622480431453,0.001260154535669633,0.0012609488640202837
2025-09-19 17:00:00,4.4483,4.45,4.3776,4.3777,28468.18066997,DOT/USD,1.4765234723123808,-0.015638775730764554,-0.015517125059032577
2025-09-19 18:00:00,4.3809,4.411,4.3532,4.3965,64930.94541538,DOT/USD,1.4808087698369197,0.004285297524538878,0.0042944925417456314
2025-09-19 19:00:00,4.3965,4.4194,4.3812,4.3916,16152.84556051,DOT/USD,1.4796936253784403,-0.001115144458479378,-0.0011145229159557068
2025-09-19 20:00:00,4.39,4.4086,4.383,4.3891,14685.83790018,DOT/USD,1.4791241946798508,-0.0005694306985895015,-0.0005692686036981032
2025-09-19 21:00:00,4.3897,4.4124,4.3785,4.4124,6616.60052669,DOT/USD,1.4844187591130895,0.005294564433238724,0.005308605408853806
2025-09-19 22:00:00,4.4113,4.4146,4.3916,4.3924,8944.86743769,DOT/USD,1.4798757747414213,-0.004542984371668224,-0.004532680627322927
2025-09-19 23:00:00,4.3913,4.3928,4.3218,4.3602,25614.19614689,DOT/USD,1.472517927868508,-0.007357846872913187,-0.0073308441854113005
2025-09-20 00:00:00,4.3556,4.3861,4.3437,4.3861,11054.33123041,DOT/USD,1.478440449553386,0.005922521684877946,0.0059400944910783515
2025-09-20 01:00:00,4.3853,4.3853,4.3524,4.362,5869.25803269,DOT/USD,1.4729306677794374,-0.005509781773948674,-0.005494630765372377
2025-09-20 02:00:00,4.362,4.362,4.2916,4.3405,27930.62114685,DOT/USD,1.4679895488497254,-0.004941118929711941,-0.004928931682714466
2025-09-20 03:00:00,4.3397,4.3399,4.3146,4.3355,2159.88292312,DOT/USD,1.4668369438350781,-0.0011526050146473121,-0.0011519410206197733
2025-09-20 04:00:00,4.3268,4.3489,4.3268,4.3427,5121.99011433,DOT/USD,1.468496274491672,0.0016593306565939603,0.001660708107484643
2025-09-20 05:00:00,4.3443,4.38,4.3366,4.3783,2573.82813643,DOT/USD,1.4766605211933628,0.008164246701690692,0.00819766504709074
2025-09-20 06:00:00,4.3713,4.3985,4.3562,4.3977,26754.28759726,DOT/USD,1.4810816769819581,0.004421155788595366,0.004430943516890107
2025-09-20 07:00:00,4.3962,4.4141,4.3865,4.4141,927.08585683,DOT/USD,1.484803962765958,0.0037222857839998014,0.003729222093366902
2025-09-20 08:00:00,4.414,4.414,4.361,4.361,6199.51402815,DOT/USD,1.4727013888606293,-0.01210257390532865,-0.01202963231462828
2025-09-20 09:00:00,4.3631,4.3716,4.3403,4.3461,6999.0312322,DOT/USD,1.4692788912335786,-0.0034224976270507135,-0.0034166475578994993
2025-09-20 10:00:00,4.3463,4.3615,4.3424,4.3424,23062.13913769,DOT/USD,1.4684271906584128,-0.0008517005751658147,-0.0008513379811785349
2025-09-20 11:00:00,4.3424,4.3642,4.3392,4.3599,19257.12015922,DOT/USD,1.4724491213180972,0.004021930659684481,0.004030029476786989
2025-09-20 12:00:00,4.3577,4.3653,4.3436,4.3543,2328.50123198,DOT/USD,1.4711638625976453,-0.0012852587204519317,-0.0012844331292001243
2025-09-20 13:00:00,4.3537,4.3544,4.3308,4.3445,33756.51813639,DOT/USD,1.4689106772971237,-0.002253185300521654,-0.0022506487839607514
2025-09-20 14:00:00,4.3446,4.4016,4.3253,4.4015,12501.08948547,DOT/USD,1.481945391918824,0.01303471462170025,0.013120036828173642
2025-09-20 15:00:00,4.4015,4.4629,4.3941,4.4012,75689.33135682,DOT/USD,1.4818772310136206,-6.81609052033405e-05,-6.815858230158067e-05
2025-09-20 16:00:00,4.4033,4.4189,4.3813,4.4189,9572.41096152,DOT/USD,1.485890796338353,0.004013565324732404,0.004021630464418724
2025-09-20 17:00:00,4.4204,4.422,4.3892,4.4042,7361.97314032,DOT/USD,1.4825586310899548,-0.003332165248398189,-0.0033266197469957737
2025-09-20 18:00:00,4.4028,4.4028,4.3567,4.3642,8711.64827074,DOT/USD,1.4734348964348916,-0.00912373465506322,-0.009082239680305193
2025-09-20 19:00:00,4.3641,4.3736,4.35,4.3595,14229.86334107,DOT/USD,1.4723573718857326,-0.0010775245491589924,-0.0010769442280373909
2025-09-20 20:00:00,4.36,4.3835,4.3558,4.3834,6264.99038196,DOT/USD,1.4778246789654816,0.005467307079749073,0.0054822800779905645
2025-09-20 21:00:00,4.3834,4.3953,4.3658,4.3667,4874.54545946,DOT/USD,1.4740075750976467,-0.003817103867834959,-0.003809827987407033
2025-09-20 22:00:00,4.3666,4.3686,4.3513,4.3686,2858.63807872,DOT/USD,1.4744425916465833,0.00043501654893662867,0.00043511118235728397
2025-09-20 23:00:00,4.3689,4.3689,4.3446,4.3584,2428.63433786,DOT/USD,1.4721050175330015,-0.0023375741135818195,-0.0023348441148194343
2025-09-21 00:00:00,4.3583,4.374,4.3432,4.3679,7864.22358134,DOT/USD,1.4742823444076436,0.002177326874642116,0.0021796989720999083
2025-09-21 01:00:00,4.3683,4.3683,4.33,4.3349,3890.94041517,DOT/USD,1.466698541915684,-0.007583802491959668,-0.007555118020101115
2025-09-21 02:00:00,4.3347,4.3581,4.3263,4.3533,4074.21333661,DOT/USD,1.4709341781830199,0.004235636267335918,0.004244619253039206
2025-09-21 03:00:00,4.3533,4.3617,4.3492,4.3552,1081.2498036,DOT/USD,1.4713705334750098,0.0004363552919899316,0.00043645050880947167
2025-09-21 04:00:00,4.3579,4.3602,4.3366,4.3396,3688.55530787,DOT/USD,1.4677821779661586,-0.003588355508851171,-0.0035819250551065718
2025-09-21 05:00:00,4.3406,4.3734,4.335,4.3734,531.48774968,DOT/USD,1.4755407386340853,0.007758560667926684,0.007788736289058962
2025-09-21 06:00:00,4.3734,4.3865,4.371,4.3742,1760.72976181,DOT/USD,1.475723645946315,0.00018290731222969647,0.00018292404079200963
2025-09-21 07:00:00,4.372,4.3826,4.3604,4.3671,695.48014096,DOT/USD,1.4740991732565878,-0.0016244726897272077,-0.0016231539481506019
2025-09-21 08:00:00,4.3707,4.3781,4.352,4.3544,11218.14336911,DOT/USD,1.4711868281378533,-0.002912345118734505,-0.0029081083556592446
2025-09-21 09:00:00,4.3544,4.3566,4.291,4.3197,101150.58840942,DOT/USD,1.4631859554001974,-0.008000872737655929,-0.00796895094616934
2025-09-21 10:00:00,4.3235,4.3249,4.294,4.2975,79511.54212552,DOT/USD,1.4580334582748673,-0.005152497125330058,-0.005139245780956925
2025-09-21 11:00:00,4.2964,4.3211,4.2912,4.3075,6306.55738893,DOT/USD,1.4603576894199477,0.002324231145080402,0.0023269342641070168
2025-09-21 12:00:00,4.3063,4.339,4.3043,4.3202,4627.75753288,DOT/USD,1.4633016974806747,0.0029440080607270325,0.00294834590829951
2025-09-21 13:00:00,4.3184,4.3339,4.3106,4.3237,2998.89832048,DOT/USD,1.4641115171665289,0.0008098196858541407,0.0008101476783481942
2025-09-21 14:00:00,4.3244,4.3274,4.3018,4.3029,2269.76518275,DOT/USD,1.45928921398614,-0.004822303180388898,-0.004810694544024718
2025-09-21 15:00:00,4.3019,4.314,4.27,4.2826,63913.79387187,DOT/USD,1.4545603017899795,-0.004728912196160451,-0.004717748495200902
2025-09-21 16:00:00,4.2826,4.2897,4.2511,4.2668,16638.16533761,DOT/USD,1.4508641317691906,-0.0036961700207889248,-0.0036893475925841024
2025-09-21 17:00:00,4.2656,4.2853,4.2401,4.2834,12775.75305299,DOT/USD,1.4547470867543328,0.0038829549851422396,0.003890503421768221
2025-09-21 18:00:00,4.2851,4.3,4.2766,4.3,3757.67533016,DOT/USD,1.4586150226995167,0.0038679359451838646,0.0038754260634075166
2025-09-21 19:00:00,4.3,4.3,4.2671,4.2885,12926.23007098,DOT/USD,1.4559370214483391,-0.002678001251177564,-0.0026744186046511187
2025-09-21 20:00:00,4.2892,4.2902,4.2646,4.2661,4272.64129191,DOT/USD,1.4507000609371006,-0.005236960511238564,-0.005223271540165553
2025-09-21 21:00:00,4.2669,4.2906,4.2646,4.2818,1367.74830852,DOT/USD,1.4543734819304848,0.003673420993384191,0.0036801762734113286
2025-09-21 22:00:00,4.281,4.2915,4.257,4.2878,4037.50023283,DOT/USD,1.4557737808896938,0.001400298959209012,0.0014012798355831357
2025-09-21 23:00:00,4.2877,4.2885,4.259,4.2631,5948.85624392,DOT/USD,1.4499965951668723,-0.005777185722821487,-0.005760529875460607
2025-09-22 00:00:00,4.263,4.2803,4.1626,4.1769,39542.46232059,DOT/USD,1.4295693446012123,-0.02042725056565997,-0.02022002767938824
2025-09-22 01:00:00,4.175,4.2104,4.1637,4.1835,34499.57194713,DOT/USD,1.4311482167535163,0.0015788721523040117,0.0015801192271782671
2025-09-22 02:00:00,4.1821,4.1981,4.0893,4.1227,58317.28099003,DOT/USD,1.4165082885259,-0.014639928227616394,-0.01453328552647315
2025-09-22 03:00:00,4.1236,4.1505,4.1236,4.1352,10549.26323201,DOT/USD,1.4195356948996924,0.003027406373792507,0.003031993596429583
2025-09-22 04:00:00,4.134,4.1482,4.128,4.1335,9488.05949071,DOT/USD,1.4191245057105932,-0.00041118918909921476,-0.00041110466241067734
2025-09-22 05:00:00,4.1334,4.1352,4.0508,4.0508,30153.35855203,DOT/USD,1.3989143924759928,-0.020210113234600424,-0.020007257771864073
2025-09-22 06:00:00,4.0505,4.4141,3.8209,4.0129,1113825.04773836,DOT/USD,1.3895141719610888,-0.009400220514903967,-0.009356176557716922
2025-09-22 07:00:00,4.013,4.0178,3.982,3.982,72248.40532038,DOT/USD,1.3817842056420047,-0.0077299663190841805,-0.00770016696154896
2025-09-22 08:00:00,3.9827,4.0034,3.9438,3.9842,60548.03358432,DOT/USD,1.3823365392655464,0.0005523336235417897,0.0005524861878452025
2025-09-22 09:00:00,3.9858,3.9858,3.8173,3.9428,831898.91088616,DOT/USD,1.3718911308091468,-0.01044540845639963,-0.010391044626273716
2025-09-22 10:00:00,3.9441,4.0014,3.9395,3.9982,77735.17610178,DOT/USD,1.3858442598395053,0.013953129030358502,0.01405092827432286
2025-09-22 11:00:00,3.9981,4.415,3.9752,3.9769,771807.92079423,DOT/USD,1.3805026213280807,-0.005341638511424662,-0.005327397328797945
2025-09-22 12:00:00,3.9786,4.0033,3.9704,3.9984,38558.48040938,DOT/USD,1.3858942810985508,0.005391659770470181,0.00540622092584675
2025-09-22 13:00:00,3.9944,4.0245,3.98,4.0245,25050.57708265,DOT/USD,1.3924006795516515,0.006506398453100637,0.0065276110444176805
2025-09-22 14:00:00,4.0245,4.0308,3.9878,3.9944,9038.56347795,DOT/USD,1.3848933802042624,-0.007507299347389029,-0.007479189961485777
2025-09-22 15:00:00,3.9944,3.998,3.9762,3.9823,9301.19931657,DOT/USD,1.3818595418297779,-0.0030338383744845654,-0.003029240937312272
2025-09-22 16:00:00,3.982,4.0011,3.9722,3.9791,5622.71152183,DOT/USD,1.3810556630716888,-0.0008038787580890716,-0.0008035557341234956
2025-09-22 17:00:00,3.9819,3.9928,3.9636,3.9892,32375.11556671,DOT/USD,1.3835907095455757,0.002535046473886915,0.0025382624211505167
2025-09-22 18:00:00,3.9872,3.9933,3.9683,3.9683,13283.11182757,DOT/USD,1.3783377914034343,-0.005252918142141461,-0.005239145693372027
2025-09-22 19:00:00,3.9728,3.9728,3.9364,3.9421,23338.03845309,DOT/USD,1.3717135762423573,-0.0066242151610769184,-0.00660232341304845
2025-09-22 20:00:00,3.948,3.9985,3.9442,3.9985,5936.38190371,DOT/USD,1.3859192907898075,0.014205714547450121,0.01430709520306439
2025-09-22 21:00:00,3.9967,4.0381,3.99,4.0381,49273.42871395,DOT/USD,1.3957742843190222,0.009854993529214706,0.009903713892709831
2025-09-22 22:00:00,4.0365,4.0365,4.0141,4.0202,4777.07558832,DOT/USD,1.3913316526371586,-0.00444263168186354,-0.004432777791535614
2025-09-22 23:00:00,4.0178,4.0405,4.0161,4.0374,1790.32782187,DOT/USD,1.3956009204401902,0.004269267803031607,0.004278394109745731
2025-09-23 00:00:00,4.0406,4.0669,4.0234,4.0235,51858.49938513,DOT/USD,1.3921521706040505,-0.0034487498361397417,-0.003442809729033436
2025-09-23 01:00:00,4.0248,4.0248,3.9906,3.9906,2627.56634531,DOT/USD,1.3839415955362935,-0.00821057506775702,-0.00817696035789739
2025-09-23 02:00:00,3.9923,3.9986,3.9602,3.9645,35879.74122796,DOT/USD,1.3773797437303166,-0.006561851805976904,-0.006540369869192597
2025-09-23 03:00:00,3.9602,4.0321,3.9464,4.0214,13604.07466556,DOT/USD,1.3916301007094098,0.01425035697909327,0.01435237734897199
2025-09-23 04:00:00,4.0316,4.0441,3.9949,4.0044,26361.40474803,DOT/USD,1.3873937565631917,-0.004236344146218096,-0.004227383498283999
2025-09-23 05:00:00,4.0044,4.0203,3.9909,4.0,2828.3476799,DOT/USD,1.3862943611198906,-0.0010993954433011766,-0.0010987913295376073
2025-09-23 06:00:00,3.9999,4.038,3.992,4.0296,11437.425109,DOT/USD,1.3936671154493039,0.007372754329413311,0.007400000000000073
2025-09-23 07:00:00,4.023,4.0447,4.0164,4.0181,26713.54962887,DOT/USD,1.3908091540870233,-0.002857961362280559,-0.0028538812785390277
2025-09-23 08:00:00,4.0263,4.0448,4.017,4.0342,15480.77695838,DOT/USD,1.3948080168850954,0.003998862798072045,0.004006868918145612
2025-09-23 09:00:00,4.0337,4.0402,4.0051,4.016,5031.54384076,DOT/USD,1.390286382389428,-0.004521634495667337,-0.004511427296614023
2025-09-23 10:00:00,4.0143,4.035,4.0135,4.0292,26724.90251103,DOT/USD,1.393567845086389,0.003281462696961057,0.0032868525896414535
2025-09-23 11:00:00,4.0267,4.0339,4.0052,4.0233,12761.3257754,DOT/USD,1.392102461402867,-0.0014653836835221146,-0.0014643105331084705
2025-09-23 12:00:00,4.0213,4.043,4.0176,4.0331,20141.98317735,DOT/USD,1.3945353110214689,0.0024328496186019066,0.0024358113986031604
2025-09-23 13:00:00,4.0292,4.0421,4.0142,4.021,4328.75748869,DOT/USD,1.391530627915137,-0.0030046831063319512,-0.0030001735637599225
2025-09-23 14:00:00,4.022,4.051,4.0135,4.0135,10461.24611704,DOT/USD,1.3896636785894945,-0.001866949325642464,-0.00186520765978615
2025-09-23 15:00:00,4.0155,4.0464,4.0017,4.0323,3957.93127351,DOT/USD,1.3943369327630752,0.0046732541735807764,0.004684190855861692
2025-09-23 16:00:00,4.0323,4.0511,4.0093,4.0418,51313.61949077,DOT/USD,1.396690137302011,0.002353204538935838,0.002355975497854823
2025-09-23 17:00:00,4.024,4.0291,3.983,3.9917,14013.42220576,DOT/USD,1.384217205324691,-0.012472931977320023,-0.012395467366025148
