timestamp,DOT_close,ETH_close
2025-08-24 17:00:00,4.1388,4906.06
2025-08-24 18:00:00,4.2503,4934.41
2025-08-24 19:00:00,4.1308,4809.14
2025-08-24 20:00:00,4.1221,4786.35
2025-08-24 21:00:00,4.1222,4784.46
2025-08-24 22:00:00,4.1134,4779.87
2025-08-24 23:00:00,4.107,4779.18
2025-08-25 00:00:00,4.0638,4701.03
2025-08-25 01:00:00,4.0905,4730.8
2025-08-25 02:00:00,4.1303,4764.29
2025-08-25 03:00:00,4.1002,4725.17
2025-08-25 04:00:00,4.0614,4717.08
2025-08-25 05:00:00,4.0327,4706.01
2025-08-25 06:00:00,3.97,4628.84
2025-08-25 07:00:00,3.9042,4590.49
2025-08-25 08:00:00,3.9333,4605.0
2025-08-25 09:00:00,3.9178,4610.0
2025-08-25 10:00:00,3.8677,4543.43
2025-08-25 11:00:00,3.8966,4598.8
2025-08-25 12:00:00,3.9059,4647.32
2025-08-25 13:00:00,3.8936,4627.48
2025-08-25 14:00:00,3.903,4660.55
2025-08-25 15:00:00,3.8672,4613.17
2025-08-25 16:00:00,3.8711,4600.0
2025-08-25 17:00:00,3.8439,4586.74
2025-08-25 18:00:00,3.8455,4575.0
2025-08-25 19:00:00,3.7777,4418.6
2025-08-25 20:00:00,3.7062,4355.0
2025-08-25 21:00:00,3.7184,4351.21
2025-08-25 22:00:00,3.7401,4393.74
2025-08-25 23:00:00,3.7323,4377.69
2025-08-26 00:00:00,3.7388,4332.54
2025-08-26 01:00:00,3.7906,4423.41
2025-08-26 02:00:00,3.7783,4397.67
2025-08-26 03:00:00,3.7899,4401.62
2025-08-26 04:00:00,3.8017,4435.31
2025-08-26 05:00:00,3.8018,4433.24
2025-08-26 06:00:00,3.7675,4415.38
2025-08-26 07:00:00,3.7961,4430.0
2025-08-26 08:00:00,3.7771,4420.65
2025-08-26 09:00:00,3.7811,4420.68
2025-08-26 10:00:00,3.8001,4441.73
2025-08-26 11:00:00,3.7807,4426.92
2025-08-26 12:00:00,3.822,4496.59
2025-08-26 13:00:00,3.8049,4477.8
2025-08-26 14:00:00,3.8411,4553.5
2025-08-26 15:00:00,3.8126,4522.24
2025-08-26 16:00:00,3.8427,4557.34
2025-08-26 17:00:00,3.8286,4518.72
2025-08-26 18:00:00,3.8591,4547.53
2025-08-26 19:00:00,3.9095,4595.89
2025-08-26 20:00:00,3.8953,4587.17
2025-08-26 21:00:00,3.9049,4605.64
2025-08-26 22:00:00,3.8935,4601.94
2025-08-26 23:00:00,3.8872,4600.83
2025-08-27 00:00:00,3.8676,4569.44
2025-08-27 01:00:00,3.8635,4563.79
2025-08-27 02:00:00,3.8755,4578.48
2025-08-27 03:00:00,3.8964,4604.15
2025-08-27 04:00:00,3.9179,4629.97
2025-08-27 05:00:00,3.8943,4611.73
2025-08-27 06:00:00,3.8797,4585.54
2025-08-27 07:00:00,3.8459,4577.4
2025-08-27 08:00:00,3.8588,4595.28
2025-08-27 09:00:00,3.8681,4590.0
2025-08-27 10:00:00,3.8647,4581.9
2025-08-27 11:00:00,3.8824,4610.0
2025-08-27 12:00:00,3.8737,4616.75
2025-08-27 13:00:00,3.8731,4595.66
2025-08-27 14:00:00,3.9053,4615.1
2025-08-27 15:00:00,3.9075,4658.51
2025-08-27 16:00:00,3.8935,4633.78
2025-08-27 17:00:00,3.905,4632.68
2025-08-27 18:00:00,3.8849,4592.18
2025-08-27 19:00:00,3.8691,4566.52
2025-08-27 20:00:00,3.9008,4594.79
2025-08-27 21:00:00,3.8609,4522.65
2025-08-27 22:00:00,3.8587,4523.63
2025-08-27 23:00:00,3.8293,4506.04
2025-08-28 00:00:00,3.8353,4493.58
2025-08-28 01:00:00,3.8665,4519.41
2025-08-28 02:00:00,3.8464,4512.48
2025-08-28 03:00:00,3.8729,4542.0
2025-08-28 04:00:00,3.915,4570.25
2025-08-28 05:00:00,3.9338,4570.35
2025-08-28 06:00:00,3.9279,4583.51
2025-08-28 07:00:00,3.928,4584.21
2025-08-28 08:00:00,3.9594,4624.1
2025-08-28 09:00:00,3.9594,4624.1
2025-08-28 10:00:00,3.9617,4609.92
2025-08-28 11:00:00,3.96,4593.78
2025-08-28 12:00:00,3.9692,4600.07
2025-08-28 13:00:00,3.9685,4572.78
2025-08-28 14:00:00,4.0059,4567.35
2025-08-28 15:00:00,3.9553,4504.72
2025-08-28 16:00:00,3.9008,4463.5
2025-08-28 17:00:00,3.9282,4489.78
2025-08-28 18:00:00,3.9335,4482.89
2025-08-28 19:00:00,3.8841,4438.43
2025-08-28 20:00:00,3.912,4457.01
2025-08-28 21:00:00,3.9402,4488.76
2025-08-28 22:00:00,3.9988,4506.69
2025-08-28 23:00:00,3.979,4512.18
2025-08-29 00:00:00,3.9724,4481.55
2025-08-29 01:00:00,3.9356,4457.99
2025-08-29 02:00:00,3.9469,4481.38
2025-08-29 03:00:00,3.954,4491.57
2025-08-29 04:00:00,3.9263,4477.22
2025-08-29 05:00:00,3.9227,4479.14
2025-08-29 06:00:00,3.9111,4456.35
2025-08-29 07:00:00,3.8134,4381.24
2025-08-29 08:00:00,3.7739,4336.01
2025-08-29 09:00:00,3.8022,4339.11
2025-08-29 10:00:00,3.8041,4347.18
2025-08-29 11:00:00,3.8271,4346.95
2025-08-29 12:00:00,3.8525,4405.0
2025-08-29 13:00:00,3.8084,4329.24
2025-08-29 14:00:00,3.7604,4280.24
2025-08-29 15:00:00,3.7742,4317.7
2025-08-29 16:00:00,3.7742,4337.07
2025-08-29 17:00:00,3.7553,4333.08
2025-08-29 18:00:00,3.7291,4314.93
2025-08-29 19:00:00,3.7665,4341.03
2025-08-29 20:00:00,3.7422,4320.46
2025-08-29 21:00:00,3.7779,4365.79
2025-08-29 22:00:00,3.7631,4364.0
2025-08-29 23:00:00,3.7745,4359.78
2025-08-30 00:00:00,3.7638,4342.26
2025-08-30 01:00:00,3.7168,4266.12
2025-08-30 02:00:00,3.7697,4305.83
2025-08-30 03:00:00,3.8216,4352.65
2025-08-30 04:00:00,3.7971,4352.8
2025-08-30 05:00:00,3.808,4377.54
2025-08-30 06:00:00,3.8,4398.99
2025-08-30 07:00:00,3.8085,4402.4
2025-08-30 08:00:00,3.7983,4399.57
2025-08-30 09:00:00,3.7838,4391.74
2025-08-30 10:00:00,3.7896,4390.27
2025-08-30 11:00:00,3.7892,4391.47
2025-08-30 12:00:00,3.7674,4365.8
2025-08-30 13:00:00,3.7565,4358.85
2025-08-30 14:00:00,3.7632,4364.02
2025-08-30 15:00:00,3.7834,4375.84
2025-08-30 16:00:00,3.7603,4361.99
2025-08-30 17:00:00,3.7712,4362.49
2025-08-30 18:00:00,3.7729,4350.36
2025-08-30 19:00:00,3.7909,4354.94
2025-08-30 20:00:00,3.7907,4341.45
2025-08-30 21:00:00,3.7943,4347.0
2025-08-30 22:00:00,3.7999,4357.84
2025-08-30 23:00:00,3.8105,4374.39
2025-08-31 00:00:00,3.8525,4467.38
2025-08-31 01:00:00,3.8728,4459.79
2025-08-31 02:00:00,3.8551,4449.23
2025-08-31 03:00:00,3.8581,4486.56
2025-08-31 04:00:00,3.831,4465.17
2025-08-31 05:00:00,3.8195,4457.89
2025-08-31 06:00:00,3.8032,4435.85
2025-08-31 07:00:00,3.8028,4451.32
2025-08-31 08:00:00,3.8321,4472.51
2025-08-31 09:00:00,3.815,4460.79
2025-08-31 10:00:00,3.7949,4454.45
2025-08-31 11:00:00,3.8107,4477.89
2025-08-31 12:00:00,3.82,4491.1
2025-08-31 13:00:00,3.7987,4472.1
2025-08-31 14:00:00,3.7907,4459.24
2025-08-31 15:00:00,3.8164,4485.15
2025-08-31 16:00:00,3.8011,4471.14
2025-08-31 17:00:00,3.7961,4478.26
2025-08-31 18:00:00,3.8247,4487.73
2025-08-31 19:00:00,3.799,4455.61
2025-08-31 20:00:00,3.8011,4454.64
2025-08-31 21:00:00,3.8069,4469.93
2025-08-31 22:00:00,3.7741,4444.06
2025-08-31 23:00:00,3.7417,4391.93
2025-09-01 00:00:00,3.7314,4396.14
2025-09-01 01:00:00,3.7327,4418.74
2025-09-01 02:00:00,3.6861,4385.0
2025-09-01 03:00:00,3.6903,4405.99
2025-09-01 04:00:00,3.6688,4387.01
2025-09-01 05:00:00,3.6951,4394.66
2025-09-01 06:00:00,3.7024,4399.06
2025-09-01 07:00:00,3.8173,4460.99
2025-09-01 08:00:00,3.8475,4476.33
2025-09-01 09:00:00,3.8422,4441.32
2025-09-01 10:00:00,3.7962,4407.73
2025-09-01 11:00:00,3.7692,4391.99
2025-09-01 12:00:00,3.7721,4403.62
2025-09-01 13:00:00,3.7491,4385.0
2025-09-01 14:00:00,3.7603,4395.67
2025-09-01 15:00:00,3.7273,4360.99
2025-09-01 16:00:00,3.7215,4355.25
2025-09-01 17:00:00,3.7102,4323.9
2025-09-01 18:00:00,3.7261,4347.7
2025-09-01 19:00:00,3.7439,4367.97
2025-09-01 20:00:00,3.676,4289.13
2025-09-01 21:00:00,3.6404,4259.13
2025-09-01 22:00:00,3.6598,4285.93
2025-09-01 23:00:00,3.6905,4314.38
2025-09-02 00:00:00,3.686,4300.52
2025-09-02 01:00:00,3.7157,4324.24
2025-09-02 02:00:00,3.7589,4359.69
2025-09-02 03:00:00,3.7713,4367.19
2025-09-02 04:00:00,3.7783,4383.55
2025-09-02 05:00:00,3.7754,4385.0
2025-09-02 06:00:00,3.7849,4412.95
2025-09-02 07:00:00,3.7534,4375.2
2025-09-02 08:00:00,3.7714,4393.8
2025-09-02 09:00:00,3.7771,4399.71
2025-09-02 10:00:00,3.7741,4391.79
2025-09-02 11:00:00,3.756,4347.71
2025-09-02 12:00:00,3.699,4276.61
2025-09-02 13:00:00,3.7985,4374.87
2025-09-02 14:00:00,3.7964,4348.62
2025-09-02 15:00:00,3.734,4291.85
2025-09-02 16:00:00,3.7599,4296.03
2025-09-02 17:00:00,3.7743,4321.05
2025-09-02 18:00:00,3.768,4297.0
2025-09-02 19:00:00,3.7464,4274.26
2025-09-02 20:00:00,3.7907,4315.01
2025-09-02 21:00:00,3.8091,4331.64
2025-09-02 22:00:00,3.8157,4328.0
2025-09-02 23:00:00,3.8164,4325.58
2025-09-03 00:00:00,3.8149,4307.0
2025-09-03 01:00:00,3.8226,4323.0
2025-09-03 02:00:00,3.83,4338.0
2025-09-03 03:00:00,3.8181,4334.0
2025-09-03 04:00:00,3.8129,4341.17
2025-09-03 05:00:00,3.8015,4315.52
2025-09-03 06:00:00,3.8082,4305.05
2025-09-03 07:00:00,3.8078,4311.06
2025-09-03 08:00:00,3.8149,4315.99
2025-09-03 09:00:00,3.8333,4348.0
2025-09-03 10:00:00,3.8301,4370.0
2025-09-03 11:00:00,3.8366,4371.39
2025-09-03 12:00:00,3.8136,4354.78
2025-09-03 13:00:00,3.8502,4417.27
2025-09-03 14:00:00,3.8817,4467.86
2025-09-03 15:00:00,3.8932,4481.34
2025-09-03 16:00:00,3.8715,4467.93
2025-09-03 17:00:00,3.8789,4473.72
2025-09-03 18:00:00,3.8778,4469.89
2025-09-03 19:00:00,3.8937,4476.34
2025-09-03 20:00:00,3.8938,4466.3
2025-09-03 21:00:00,3.8866,4464.28
2025-09-03 22:00:00,3.8757,4470.89
2025-09-03 23:00:00,3.8649,4450.0
2025-09-04 00:00:00,3.8725,4470.24
2025-09-04 01:00:00,3.8569,4468.83
2025-09-04 02:00:00,3.8369,4422.8
2025-09-04 03:00:00,3.8119,4399.68
2025-09-04 04:00:00,3.8075,4393.31
2025-09-04 05:00:00,3.7746,4376.32
2025-09-04 06:00:00,3.7674,4366.89
2025-09-04 07:00:00,3.7847,4375.61
2025-09-04 08:00:00,3.7799,4371.0
2025-09-04 09:00:00,3.7748,4396.4
2025-09-04 10:00:00,3.792,4410.5
2025-09-04 11:00:00,3.7841,4408.84
2025-09-04 12:00:00,3.7871,4415.0
2025-09-04 13:00:00,3.7831,4380.4
2025-09-04 14:00:00,3.7675,4342.59
2025-09-04 15:00:00,3.7557,4306.1
2025-09-04 16:00:00,3.7676,4297.01
2025-09-04 17:00:00,3.7558,4308.2
2025-09-04 18:00:00,3.7422,4274.45
2025-09-04 19:00:00,3.7388,4276.03
2025-09-04 20:00:00,3.7707,4306.47
2025-09-04 21:00:00,3.7796,4322.22
2025-09-04 22:00:00,3.7937,4342.98
2025-09-04 23:00:00,3.7671,4299.15
2025-09-05 00:00:00,3.7609,4302.88
2025-09-05 01:00:00,3.7842,4324.28
2025-09-05 02:00:00,3.7843,4324.86
2025-09-05 03:00:00,3.7831,4329.4
2025-09-05 04:00:00,3.79,4333.0
2025-09-05 05:00:00,3.7909,4339.5
2025-09-05 06:00:00,3.79,4330.88
2025-09-05 07:00:00,3.8375,4418.34
2025-09-05 08:00:00,3.8243,4406.75
2025-09-05 09:00:00,3.8269,4396.1
2025-09-05 10:00:00,3.8271,4411.93
2025-09-05 11:00:00,3.8298,4417.91
2025-09-05 12:00:00,3.8849,4469.75
2025-09-05 13:00:00,3.8814,4443.04
2025-09-05 14:00:00,3.7951,4274.26
2025-09-05 15:00:00,3.8084,4279.99
2025-09-05 16:00:00,3.8143,4297.03
2025-09-05 17:00:00,3.8011,4290.16
2025-09-05 18:00:00,3.817,4313.23
2025-09-05 19:00:00,3.8195,4330.01
2025-09-05 20:00:00,3.8421,4338.84
2025-09-05 21:00:00,3.814,4298.76
2025-09-05 22:00:00,3.8303,4315.64
2025-09-05 23:00:00,3.8266,4307.02
2025-09-06 00:00:00,3.8425,4323.18
2025-09-06 01:00:00,3.8473,4320.01
2025-09-06 02:00:00,3.8603,4321.95
2025-09-06 03:00:00,3.8799,4319.83
2025-09-06 04:00:00,3.8573,4310.0
2025-09-06 05:00:00,3.8357,4295.33
2025-09-06 06:00:00,3.8319,4302.77
2025-09-06 07:00:00,3.8244,4312.37
2025-09-06 08:00:00,3.8136,4311.14
2025-09-06 09:00:00,3.8037,4296.34
2025-09-06 10:00:00,3.8133,4301.3
2025-09-06 11:00:00,3.8138,4298.22
2025-09-06 12:00:00,3.8098,4299.28
2025-09-06 13:00:00,3.8045,4294.08
2025-09-06 14:00:00,3.8184,4295.27
2025-09-06 15:00:00,3.7937,4271.19
2025-09-06 16:00:00,3.8134,4291.31
2025-09-06 17:00:00,3.7999,4271.46
2025-09-06 18:00:00,3.8098,4279.77
2025-09-06 19:00:00,3.7917,4254.9
2025-09-06 20:00:00,3.8105,4278.43
2025-09-06 21:00:00,3.8139,4283.71
2025-09-06 22:00:00,3.8174,4278.34
2025-09-06 23:00:00,3.8245,4274.96
2025-09-07 00:00:00,3.8326,4284.34
2025-09-07 01:00:00,3.8478,4295.01
2025-09-07 02:00:00,3.8561,4299.84
2025-09-07 03:00:00,3.8503,4297.9
2025-09-07 04:00:00,3.8506,4301.98
2025-09-07 05:00:00,3.8659,4294.73
2025-09-07 06:00:00,3.8505,4283.27
2025-09-07 07:00:00,3.8519,4293.01
2025-09-07 08:00:00,3.861,4305.0
2025-09-07 09:00:00,3.8528,4296.31
2025-09-07 10:00:00,3.8577,4305.16
2025-09-07 11:00:00,3.8649,4309.21
2025-09-07 12:00:00,3.9593,4299.21
2025-09-07 13:00:00,4.0815,4304.44
2025-09-07 14:00:00,4.0148,4298.53
2025-09-07 15:00:00,3.9665,4297.88
2025-09-07 16:00:00,3.9812,4283.2
2025-09-07 17:00:00,3.955,4275.78
2025-09-07 18:00:00,3.9674,4281.63
2025-09-07 19:00:00,3.9885,4292.21
2025-09-07 20:00:00,3.9869,4299.81
2025-09-07 21:00:00,3.9822,4290.0
2025-09-07 22:00:00,4.0111,4309.99
2025-09-07 23:00:00,3.995,4305.19
2025-09-08 00:00:00,4.0003,4299.21
2025-09-08 01:00:00,4.0127,4292.18
2025-09-08 02:00:00,4.041,4308.66
2025-09-08 03:00:00,4.0498,4310.98
2025-09-08 04:00:00,4.0269,4297.98
2025-09-08 05:00:00,4.0341,4297.29
2025-09-08 06:00:00,4.0044,4295.01
2025-09-08 07:00:00,3.9999,4289.99
2025-09-08 08:00:00,4.0027,4299.97
2025-09-08 09:00:00,4.0306,4317.55
2025-09-08 10:00:00,4.0298,4328.48
2025-09-08 11:00:00,4.0231,4312.04
2025-09-08 12:00:00,4.0259,4319.51
2025-09-08 13:00:00,4.0107,4317.99
2025-09-08 14:00:00,4.0459,4348.26
2025-09-08 15:00:00,4.0651,4371.57
2025-09-08 16:00:00,4.05,4339.0
2025-09-08 17:00:00,4.035,4311.09
2025-09-08 18:00:00,4.0551,4331.75
2025-09-08 19:00:00,4.0213,4288.01
2025-09-08 20:00:00,4.0151,4298.29
2025-09-08 21:00:00,4.0588,4320.86
2025-09-08 22:00:00,4.049,4311.12
2025-09-08 23:00:00,4.0463,4307.5
2025-09-09 00:00:00,4.0811,4301.86
2025-09-09 01:00:00,4.0574,4285.83
2025-09-09 02:00:00,4.0286,4291.83
2025-09-09 03:00:00,4.0422,4307.99
2025-09-09 04:00:00,4.0474,4313.98
2025-09-09 05:00:00,4.0542,4318.0
2025-09-09 06:00:00,4.1105,4365.11
2025-09-09 07:00:00,4.1198,4361.07
2025-09-09 08:00:00,4.1294,4358.99
2025-09-09 09:00:00,4.146,4357.5
2025-09-09 10:00:00,4.15,4349.64
2025-09-09 11:00:00,4.15,4349.71
2025-09-09 12:00:00,4.1371,4348.16
2025-09-09 13:00:00,4.1727,4346.84
2025-09-09 14:00:00,4.1121,4307.29
2025-09-09 15:00:00,4.0759,4286.06
2025-09-09 16:00:00,4.05,4287.53
2025-09-09 17:00:00,4.0606,4283.42
2025-09-09 18:00:00,4.0807,4287.6
2025-09-09 19:00:00,4.108,4295.86
2025-09-09 20:00:00,4.1246,4302.25
2025-09-09 21:00:00,4.101,4299.7
2025-09-09 22:00:00,4.1383,4315.45
2025-09-09 23:00:00,4.1382,4308.23
2025-09-10 00:00:00,4.1125,4286.63
2025-09-10 01:00:00,4.1279,4303.36
2025-09-10 02:00:00,4.1329,4315.94
2025-09-10 03:00:00,4.1313,4318.35
2025-09-10 04:00:00,4.1209,4311.1
2025-09-10 05:00:00,4.0934,4305.82
2025-09-10 06:00:00,4.1113,4313.44
2025-09-10 07:00:00,4.1154,4327.75
2025-09-10 08:00:00,4.0851,4329.37
2025-09-10 09:00:00,4.0911,4325.47
2025-09-10 10:00:00,4.0591,4326.86
2025-09-10 11:00:00,4.0822,4328.99
2025-09-10 12:00:00,4.1685,4366.66
2025-09-10 13:00:00,4.1841,4418.98
2025-09-10 14:00:00,4.1629,4401.26
2025-09-10 15:00:00,4.1721,4406.0
2025-09-10 16:00:00,4.19,4382.44
2025-09-10 17:00:00,4.1889,4365.84
2025-09-10 18:00:00,4.1936,4343.95
2025-09-10 19:00:00,4.1643,4324.38
2025-09-10 20:00:00,4.1727,4331.92
2025-09-10 21:00:00,4.1937,4352.2
2025-09-10 22:00:00,4.2001,4346.9
2025-09-10 23:00:00,4.2123,4349.81
2025-09-11 00:00:00,4.2369,4359.25
2025-09-11 01:00:00,4.2398,4366.77
2025-09-11 02:00:00,4.2162,4381.0
2025-09-11 03:00:00,4.2425,4406.34
2025-09-11 04:00:00,4.226,4412.43
2025-09-11 05:00:00,4.2172,4422.01
2025-09-11 06:00:00,4.2278,4440.75
2025-09-11 07:00:00,4.2243,4441.02
2025-09-11 08:00:00,4.211,4433.29
2025-09-11 09:00:00,4.187,4418.05
2025-09-11 10:00:00,4.2051,4427.47
2025-09-11 11:00:00,4.1889,4431.99
2025-09-11 12:00:00,4.1847,4422.8
2025-09-11 13:00:00,4.2045,4437.95
2025-09-11 14:00:00,4.1835,4429.28
2025-09-11 15:00:00,4.1651,4415.04
2025-09-11 16:00:00,4.1817,4418.79
2025-09-11 17:00:00,4.1881,4433.56
2025-09-11 18:00:00,4.1882,4421.88
2025-09-11 19:00:00,4.2145,4425.91
2025-09-11 20:00:00,4.217,4418.79
2025-09-11 21:00:00,4.233,4430.52
2025-09-11 22:00:00,4.2383,4456.12
2025-09-11 23:00:00,4.2377,4462.85
2025-09-12 00:00:00,4.2706,4513.89
2025-09-12 01:00:00,4.2447,4497.91
2025-09-12 02:00:00,4.2258,4507.2
2025-09-12 03:00:00,4.217,4506.0
2025-09-12 04:00:00,4.2221,4524.4
2025-09-12 05:00:00,4.2501,4556.9
2025-09-12 06:00:00,4.2532,4541.23
2025-09-12 07:00:00,4.2319,4526.39
2025-09-12 08:00:00,4.2102,4517.5
2025-09-12 09:00:00,4.1945,4516.23
2025-09-12 10:00:00,4.1986,4516.56
2025-09-12 11:00:00,4.1726,4519.48
2025-09-12 12:00:00,4.1964,4529.36
2025-09-12 13:00:00,4.218,4539.99
2025-09-12 14:00:00,4.2194,4548.28
2025-09-12 15:00:00,4.197,4545.11
2025-09-12 16:00:00,4.2162,4575.57
2025-09-12 17:00:00,4.2503,4615.1
2025-09-12 18:00:00,4.2877,4625.92
2025-09-12 19:00:00,4.2949,4662.91
2025-09-12 20:00:00,4.28,4673.44
2025-09-12 21:00:00,4.2754,4652.83
2025-09-12 22:00:00,4.3158,4699.01
2025-09-12 23:00:00,4.3197,4716.93
2025-09-13 00:00:00,4.3406,4708.0
2025-09-13 01:00:00,4.3191,4703.21
2025-09-13 02:00:00,4.3361,4704.94
2025-09-13 03:00:00,4.3748,4758.58
2025-09-13 04:00:00,4.3879,4747.48
2025-09-13 05:00:00,4.4176,4726.01
2025-09-13 06:00:00,4.4538,4713.32
2025-09-13 07:00:00,4.464,4713.55
2025-09-13 08:00:00,4.5088,4732.72
2025-09-13 09:00:00,4.5133,4735.7
2025-09-13 10:00:00,4.5757,4720.0
2025-09-13 11:00:00,4.5831,4723.11
2025-09-13 12:00:00,4.6131,4722.9
2025-09-13 13:00:00,4.5434,4690.82
2025-09-13 14:00:00,4.535,4692.5
2025-09-13 15:00:00,4.5111,4654.89
2025-09-13 16:00:00,4.4643,4625.03
2025-09-13 17:00:00,4.4895,4639.01
2025-09-13 18:00:00,4.4748,4646.77
2025-09-13 19:00:00,4.4657,4643.04
2025-09-13 20:00:00,4.491,4659.82
2025-09-13 21:00:00,4.4956,4665.65
2025-09-13 22:00:00,4.4918,4660.25
2025-09-13 23:00:00,4.495,4666.17
2025-09-14 00:00:00,4.4519,4673.24
2025-09-14 01:00:00,4.4559,4675.25
2025-09-14 02:00:00,4.4511,4684.63
2025-09-14 03:00:00,4.3997,4664.37
2025-09-14 04:00:00,4.4001,4660.87
2025-09-14 05:00:00,4.442,4680.0
2025-09-14 06:00:00,4.4146,4670.0
2025-09-14 07:00:00,4.4238,4653.67
2025-09-14 08:00:00,4.4262,4658.64
2025-09-14 09:00:00,4.4494,4667.28
2025-09-14 10:00:00,4.4452,4662.63
2025-09-14 11:00:00,4.3738,4635.8
2025-09-14 12:00:00,4.3515,4634.48
2025-09-14 13:00:00,4.3295,4614.69
2025-09-14 14:00:00,4.3141,4604.99
2025-09-14 15:00:00,4.3251,4582.09
2025-09-14 16:00:00,4.3493,4598.43
2025-09-14 17:00:00,4.3658,4621.91
2025-09-14 18:00:00,4.3352,4605.46
2025-09-14 19:00:00,4.3301,4616.95
2025-09-14 20:00:00,4.3355,4618.52
2025-09-14 21:00:00,4.348,4630.74
2025-09-14 22:00:00,4.3658,4632.74
2025-09-14 23:00:00,4.3227,4608.76
2025-09-15 00:00:00,4.3388,4601.63
2025-09-15 01:00:00,4.3297,4620.2
2025-09-15 02:00:00,4.3398,4622.11
2025-09-15 03:00:00,4.3712,4640.23
2025-09-15 04:00:00,4.3647,4644.51
2025-09-15 05:00:00,4.4002,4663.38
2025-09-15 06:00:00,4.3193,4633.59
2025-09-15 07:00:00,4.2558,4599.09
2025-09-15 08:00:00,4.1468,4512.98
2025-09-15 09:00:00,4.195,4527.14
2025-09-15 10:00:00,4.2011,4531.94
2025-09-15 11:00:00,4.1933,4534.73
2025-09-15 12:00:00,4.1621,4516.28
2025-09-15 13:00:00,4.1838,4517.88
2025-09-15 14:00:00,4.1533,4514.43
2025-09-15 15:00:00,4.1455,4503.22
2025-09-15 16:00:00,4.117,4495.71
2025-09-15 17:00:00,4.14,4507.15
2025-09-15 18:00:00,4.1477,4503.91
2025-09-15 19:00:00,4.1421,4493.17
2025-09-15 20:00:00,4.1637,4512.28
2025-09-15 21:00:00,4.172,4526.05
2025-09-15 22:00:00,4.1549,4514.53
2025-09-15 23:00:00,4.1552,4527.02
2025-09-16 00:00:00,4.1354,4513.68
2025-09-16 01:00:00,4.13,4518.6
2025-09-16 02:00:00,4.1267,4514.86
2025-09-16 03:00:00,4.159,4524.61
2025-09-16 04:00:00,4.1532,4519.68
2025-09-16 05:00:00,4.2011,4529.62
2025-09-16 06:00:00,4.1576,4509.26
2025-09-16 07:00:00,4.1677,4512.98
2025-09-16 08:00:00,4.2194,4511.42
2025-09-16 09:00:00,4.2443,4514.19
2025-09-16 10:00:00,4.219,4500.16
2025-09-16 11:00:00,4.2108,4501.86
2025-09-16 12:00:00,4.2098,4500.45
2025-09-16 13:00:00,4.2048,4473.47
2025-09-16 14:00:00,4.1861,4449.45
2025-09-16 15:00:00,4.2285,4467.72
2025-09-16 16:00:00,4.2159,4464.13
2025-09-16 17:00:00,4.266,4488.01
2025-09-16 18:00:00,4.2674,4475.22
2025-09-16 19:00:00,4.2776,4495.0
2025-09-16 20:00:00,4.2647,4498.56
2025-09-16 21:00:00,4.2828,4508.64
2025-09-16 22:00:00,4.28,4523.04
2025-09-16 23:00:00,4.2574,4504.6
2025-09-17 00:00:00,4.2494,4515.5
2025-09-17 01:00:00,4.2355,4518.31
2025-09-17 02:00:00,4.2491,4535.14
2025-09-17 03:00:00,4.2187,4500.01
2025-09-17 04:00:00,4.1887,4480.49
2025-09-17 05:00:00,4.2127,4518.37
2025-09-17 06:00:00,4.23,4548.84
2025-09-17 07:00:00,4.2312,4546.28
2025-09-17 08:00:00,4.1967,4514.03
2025-09-17 09:00:00,4.1795,4496.92
2025-09-17 10:00:00,4.1711,4485.0
2025-09-17 11:00:00,4.1843,4493.16
2025-09-17 12:00:00,4.1925,4504.51
2025-09-17 13:00:00,4.1894,4498.6
2025-09-17 14:00:00,4.1666,4491.91
2025-09-17 15:00:00,4.1718,4491.37
2025-09-17 16:00:00,4.1934,4488.7
2025-09-17 17:00:00,4.1714,4452.21
2025-09-17 18:00:00,4.176,4455.17
2025-09-17 19:00:00,4.28,4519.06
2025-09-17 20:00:00,4.2515,4503.9
2025-09-17 21:00:00,4.3053,4529.72
2025-09-17 22:00:00,4.4087,4592.02
2025-09-17 23:00:00,4.4031,4592.34
2025-09-18 00:00:00,4.3842,4586.98
2025-09-18 01:00:00,4.4472,4620.57
2025-09-18 02:00:00,4.4537,4615.47
2025-09-18 03:00:00,4.476,4616.43
2025-09-18 04:00:00,4.4782,4613.89
2025-09-18 05:00:00,4.456,4587.74
2025-09-18 06:00:00,4.4567,4570.89
2025-09-18 07:00:00,4.4888,4576.73
2025-09-18 08:00:00,4.5183,4603.59
2025-09-18 09:00:00,4.5376,4598.17
2025-09-18 10:00:00,4.5363,4577.11
2025-09-18 11:00:00,4.5229,4574.0
2025-09-18 12:00:00,4.5399,4575.1
2025-09-18 13:00:00,4.5685,4587.4
2025-09-18 14:00:00,4.5648,4598.94
2025-09-18 15:00:00,4.5518,4601.38
2025-09-18 16:00:00,4.5539,4622.99
2025-09-18 17:00:00,4.5876,4609.99
2025-09-18 18:00:00,4.5916,4620.56
2025-09-18 19:00:00,4.566,4591.53
2025-09-18 20:00:00,4.5675,4607.08
2025-09-18 21:00:00,4.5513,4594.07
2025-09-18 22:00:00,4.5455,4591.71
2025-09-18 23:00:00,4.5375,4589.52
2025-09-19 00:00:00,4.8021,4608.0
2025-09-19 01:00:00,4.7224,4609.18
2025-09-19 02:00:00,4.6853,4590.13
2025-09-19 03:00:00,4.6287,4550.23
2025-09-19 04:00:00,4.6685,4559.58
2025-09-19 05:00:00,4.6549,4543.61
2025-09-19 06:00:00,4.579,4524.84
2025-09-19 07:00:00,4.6068,4541.63
2025-09-19 08:00:00,4.5946,4535.7
2025-09-19 09:00:00,4.5475,4522.97
2025-09-19 10:00:00,4.5554,4532.72
2025-09-19 11:00:00,4.4942,4518.12
2025-09-19 12:00:00,4.487,4519.85
2025-09-19 13:00:00,4.5231,4530.01
2025-09-19 14:00:00,4.488,4497.59
2025-09-19 15:00:00,4.4411,4476.19
2025-09-19 16:00:00,4.4467,4483.37
2025-09-19 17:00:00,4.3777,4461.06
2025-09-19 18:00:00,4.3965,4450.93
2025-09-19 19:00:00,4.3916,4442.88
2025-09-19 20:00:00,4.3891,4461.1
2025-09-19 21:00:00,4.4124,4473.07
2025-09-19 22:00:00,4.3924,4470.76
2025-09-19 23:00:00,4.3602,4471.11
2025-09-20 00:00:00,4.3861,4477.24
2025-09-20 01:00:00,4.362,4469.69
2025-09-20 02:00:00,4.3405,4468.7
2025-09-20 03:00:00,4.3355,4467.96
2025-09-20 04:00:00,4.3427,4475.32
2025-09-20 05:00:00,4.3783,4481.26
2025-09-20 06:00:00,4.3977,4477.04
2025-09-20 07:00:00,4.4141,4484.05
2025-09-20 08:00:00,4.361,4469.14
2025-09-20 09:00:00,4.3461,4467.47
2025-09-20 10:00:00,4.3424,4465.62
2025-09-20 11:00:00,4.3599,4472.87
2025-09-20 12:00:00,4.3543,4465.46
2025-09-20 13:00:00,4.3445,4470.19
2025-09-20 14:00:00,4.4015,4489.22
2025-09-20 15:00:00,4.4012,4499.6
2025-09-20 16:00:00,4.4189,4504.26
2025-09-20 17:00:00,4.4042,4486.35
2025-09-20 18:00:00,4.3642,4478.76
2025-09-20 19:00:00,4.3595,4480.0
2025-09-20 20:00:00,4.3834,4486.21
2025-09-20 21:00:00,4.3667,4492.31
2025-09-20 22:00:00,4.3686,4495.0
2025-09-20 23:00:00,4.3584,4481.59
2025-09-21 00:00:00,4.3679,4489.34
2025-09-21 01:00:00,4.3349,4483.43
2025-09-21 02:00:00,4.3533,4482.16
2025-09-21 03:00:00,4.3552,4479.16
2025-09-21 04:00:00,4.3396,4473.45
2025-09-21 05:00:00,4.3734,4479.75
2025-09-21 06:00:00,4.3742,4487.87
2025-09-21 07:00:00,4.3671,4480.52
2025-09-21 08:00:00,4.3544,4469.8
2025-09-21 09:00:00,4.3197,4468.07
2025-09-21 10:00:00,4.2975,4460.54
2025-09-21 11:00:00,4.3075,4462.86
2025-09-21 12:00:00,4.3202,4471.08
2025-09-21 13:00:00,4.3237,4476.16
2025-09-21 14:00:00,4.3029,4475.12
2025-09-21 15:00:00,4.2826,4486.17
2025-09-21 16:00:00,4.2668,4478.35
2025-09-21 17:00:00,4.2834,4495.61
2025-09-21 18:00:00,4.3,4497.96
2025-09-21 19:00:00,4.2885,4496.99
2025-09-21 20:00:00,4.2661,4481.01
2025-09-21 21:00:00,4.2818,4474.47
2025-09-21 22:00:00,4.2878,4467.27
2025-09-21 23:00:00,4.2631,4447.0
2025-09-22 00:00:00,4.1769,4340.01
2025-09-22 01:00:00,4.1835,4330.29
2025-09-22 02:00:00,4.1227,4291.84
2025-09-22 03:00:00,4.1352,4306.0
2025-09-22 04:00:00,4.1335,4293.01
2025-09-22 05:00:00,4.0508,4231.84
2025-09-22 06:00:00,4.0129,4195.0
2025-09-22 07:00:00,3.982,4195.97
2025-09-22 08:00:00,3.9842,4199.07
2025-09-22 09:00:00,3.9428,4151.35
2025-09-22 10:00:00,3.9982,4185.57
2025-09-22 11:00:00,3.9769,4184.47
2025-09-22 12:00:00,3.9984,4195.47
2025-09-22 13:00:00,4.0245,4209.62
2025-09-22 14:00:00,3.9944,4193.3
2025-09-22 15:00:00,3.9823,4170.46
2025-09-22 16:00:00,3.9791,4169.79
2025-09-22 17:00:00,3.9892,4167.67
2025-09-22 18:00:00,3.9683,4160.91
2025-09-22 19:00:00,3.9421,4137.3
2025-09-22 20:00:00,3.9985,4185.27
2025-09-22 21:00:00,4.0381,4201.37
2025-09-22 22:00:00,4.0202,4194.57
2025-09-22 23:00:00,4.0374,4203.07
2025-09-23 00:00:00,4.0235,4194.85
2025-09-23 01:00:00,3.9906,4167.58
2025-09-23 02:00:00,3.9645,4148.85
2025-09-23 03:00:00,4.0214,4191.18
2025-09-23 04:00:00,4.0044,4180.12
2025-09-23 05:00:00,4.0,4185.09
2025-09-23 06:00:00,4.0296,4208.66
2025-09-23 07:00:00,4.0181,4207.73
2025-09-23 08:00:00,4.0342,4211.12
2025-09-23 09:00:00,4.016,4196.61
2025-09-23 10:00:00,4.0292,4195.14
2025-09-23 11:00:00,4.0233,4195.12
2025-09-23 12:00:00,4.0331,4198.95
2025-09-23 13:00:00,4.021,4188.99
2025-09-23 14:00:00,4.0135,4176.7
2025-09-23 15:00:00,4.0323,4184.01
2025-09-23 16:00:00,4.0418,4196.42
2025-09-23 17:00:00,3.9917,4152.66
