timestamp,open,high,low,close,volume,symbol
2025-08-24 17:00:00,4.0759,4.1465,4.0719,4.1388,16781.77305076,DOT/USD
2025-08-24 18:00:00,4.1428,4.2601,4.1301,4.2503,51390.87619772,DOT/USD
2025-08-24 19:00:00,4.249,4.2797,4.0596,4.1308,74869.04408668,DOT/USD
2025-08-24 20:00:00,4.1318,4.1537,4.043,4.1221,82768.80061423,DOT/USD
2025-08-24 21:00:00,4.117,4.1602,4.096,4.1222,28132.93208191,DOT/USD
2025-08-24 22:00:00,4.1203,4.1265,4.0604,4.1134,24615.14467807,DOT/USD
2025-08-24 23:00:00,4.1136,4.13,4.1068,4.107,1829.40987264,DOT/USD
2025-08-25 00:00:00,4.1083,4.1351,4.0308,4.0638,23457.6554621,DOT/USD
2025-08-25 01:00:00,4.0616,4.1051,4.05,4.0905,4053.5520278,DOT/USD
2025-08-25 02:00:00,4.0871,4.1368,4.0871,4.1303,2440.93299692,DOT/USD
2025-08-25 03:00:00,4.1303,4.1424,4.1002,4.1002,24148.15731744,DOT/USD
2025-08-25 04:00:00,4.1004,4.108,4.0598,4.0614,5256.67198316,DOT/USD
2025-08-25 05:00:00,4.0603,4.0754,4.0327,4.0327,2995.62264395,DOT/USD
2025-08-25 06:00:00,4.0319,4.0372,3.9677,3.97,51003.51257685,DOT/USD
2025-08-25 07:00:00,3.967,3.9908,3.9,3.9042,107923.10647657,DOT/USD
2025-08-25 08:00:00,3.9069,3.9406,3.8827,3.9333,49372.01325403,DOT/USD
2025-08-25 09:00:00,3.9298,3.9298,3.8937,3.9178,83972.77678959,DOT/USD
2025-08-25 10:00:00,3.9164,3.9164,3.8549,3.8677,66707.6645388,DOT/USD
2025-08-25 11:00:00,3.8719,3.9041,3.865,3.8966,73534.52457011,DOT/USD
2025-08-25 12:00:00,3.897,3.9059,3.8812,3.9059,107224.18048003,DOT/USD
2025-08-25 13:00:00,3.9081,3.9081,3.8471,3.8936,104506.6674155,DOT/USD
2025-08-25 14:00:00,3.8881,3.9273,3.886,3.903,8373.88879068,DOT/USD
2025-08-25 15:00:00,3.9074,3.9132,3.8568,3.8672,112362.946418,DOT/USD
2025-08-25 16:00:00,3.8698,3.894,3.847,3.8711,25401.6291018,DOT/USD
2025-08-25 17:00:00,3.8641,3.8641,3.8351,3.8439,11330.78603177,DOT/USD
2025-08-25 18:00:00,3.84,3.8585,3.836,3.8455,8177.18443779,DOT/USD
2025-08-25 19:00:00,3.8424,3.8424,3.77,3.7777,107041.48781758,DOT/USD
2025-08-25 20:00:00,3.7779,3.7933,3.7057,3.7062,77395.1928518,DOT/USD
2025-08-25 21:00:00,3.7055,3.7373,3.6932,3.7184,50059.93437808,DOT/USD
2025-08-25 22:00:00,3.7109,3.7638,3.7109,3.7401,22754.13627656,DOT/USD
2025-08-25 23:00:00,3.74,3.7416,3.7159,3.7323,8641.19701976,DOT/USD
2025-08-26 00:00:00,3.7322,3.7509,3.713,3.7388,70060.4658462,DOT/USD
2025-08-26 01:00:00,3.7312,3.7906,3.7212,3.7906,19204.90020643,DOT/USD
2025-08-26 02:00:00,3.7885,3.8102,3.772,3.7783,21110.73176488,DOT/USD
2025-08-26 03:00:00,3.779,3.7968,3.7727,3.7899,9908.97980911,DOT/USD
2025-08-26 04:00:00,3.7924,3.8143,3.7922,3.8017,13328.73600794,DOT/USD
2025-08-26 05:00:00,3.802,3.8134,3.7952,3.8018,15771.95777985,DOT/USD
2025-08-26 06:00:00,3.795,3.7997,3.7674,3.7675,2552.90765745,DOT/USD
2025-08-26 07:00:00,3.7697,3.8142,3.7634,3.7961,42928.12068143,DOT/USD
2025-08-26 08:00:00,3.7878,3.7984,3.7678,3.7771,7093.76073867,DOT/USD
2025-08-26 09:00:00,3.782,3.7941,3.7723,3.7811,1494.29584143,DOT/USD
2025-08-26 10:00:00,3.784,3.8117,3.784,3.8001,2649.78936369,DOT/USD
2025-08-26 11:00:00,3.7995,3.8008,3.7649,3.7807,37678.72962449,DOT/USD
2025-08-26 12:00:00,3.7792,3.8557,3.7642,3.822,10233.72005715,DOT/USD
2025-08-26 13:00:00,3.8254,3.8322,3.7699,3.8049,8300.10651093,DOT/USD
2025-08-26 14:00:00,3.8091,3.8508,3.7943,3.8411,12427.76697843,DOT/USD
2025-08-26 15:00:00,3.8421,3.8516,3.8054,3.8126,16929.97212366,DOT/USD
2025-08-26 16:00:00,3.8142,3.8427,3.8106,3.8427,16116.69860809,DOT/USD
2025-08-26 17:00:00,3.8471,3.8471,3.8148,3.8286,7771.55926229,DOT/USD
2025-08-26 18:00:00,3.8287,3.865,3.8287,3.8591,6156.21455071,DOT/USD
2025-08-26 19:00:00,3.8572,3.91,3.8513,3.9095,2314.64569226,DOT/USD
2025-08-26 20:00:00,3.9096,3.921,3.8909,3.8953,11502.18724562,DOT/USD
2025-08-26 21:00:00,3.8957,3.9049,3.8803,3.9049,3577.14956281,DOT/USD
2025-08-26 22:00:00,3.9058,3.9077,3.8821,3.8935,5842.92825242,DOT/USD
2025-08-26 23:00:00,3.8935,3.9088,3.8848,3.8872,3535.50772971,DOT/USD
2025-08-27 00:00:00,3.8882,3.8882,3.8656,3.8676,4479.61301849,DOT/USD
2025-08-27 01:00:00,3.8639,3.8664,3.8508,3.8635,1904.95137657,DOT/USD
2025-08-27 02:00:00,3.8692,3.8819,3.8484,3.8755,2958.81981033,DOT/USD
2025-08-27 03:00:00,3.8722,3.906,3.8561,3.8964,12739.87988053,DOT/USD
2025-08-27 04:00:00,3.8959,3.9197,3.8959,3.9179,2587.82957512,DOT/USD
2025-08-27 05:00:00,3.9149,3.922,3.8932,3.8943,5059.85357094,DOT/USD
2025-08-27 06:00:00,3.8913,3.9018,3.8797,3.8797,1291.8014522,DOT/USD
2025-08-27 07:00:00,3.8795,3.8795,3.8338,3.8459,345243.6628962,DOT/USD
2025-08-27 08:00:00,3.8475,3.8598,3.8394,3.8588,17244.90868766,DOT/USD
2025-08-27 09:00:00,3.8672,3.8802,3.8661,3.8681,10547.67164494,DOT/USD
2025-08-27 10:00:00,3.865,3.8761,3.8594,3.8647,6299.42721495,DOT/USD
2025-08-27 11:00:00,3.8661,3.8833,3.8661,3.8824,8454.53463384,DOT/USD
2025-08-27 12:00:00,3.8814,3.891,3.8586,3.8737,13262.95114402,DOT/USD
2025-08-27 13:00:00,3.8732,3.8978,3.858,3.8731,32659.43418424,DOT/USD
2025-08-27 14:00:00,3.8756,3.9309,3.8666,3.9053,13831.69015669,DOT/USD
2025-08-27 15:00:00,3.9081,3.927,3.8988,3.9075,19726.08098874,DOT/USD
2025-08-27 16:00:00,3.9108,3.9108,3.872,3.8935,5185.01909071,DOT/USD
2025-08-27 17:00:00,3.89,3.9069,3.8798,3.905,6827.32755272,DOT/USD
2025-08-27 18:00:00,3.9099,3.9136,3.8849,3.8849,1212.84940756,DOT/USD
2025-08-27 19:00:00,3.885,3.8893,3.8481,3.8691,12189.89410189,DOT/USD
2025-08-27 20:00:00,3.8635,3.9085,3.8266,3.9008,49255.67414375,DOT/USD
2025-08-27 21:00:00,3.9056,3.9085,3.8582,3.8609,4474.68552031,DOT/USD
2025-08-27 22:00:00,3.85,3.8721,3.8361,3.8587,2467.01551017,DOT/USD
2025-08-27 23:00:00,3.8551,3.8583,3.8293,3.8293,7987.19641655,DOT/USD
2025-08-28 00:00:00,3.8319,3.8525,3.81,3.8353,1804.76616897,DOT/USD
2025-08-28 01:00:00,3.8373,3.8671,3.8373,3.8665,3063.27663531,DOT/USD
2025-08-28 02:00:00,3.8607,3.8687,3.8464,3.8464,18973.92343568,DOT/USD
2025-08-28 03:00:00,3.847,3.8747,3.8445,3.8729,1357.24133744,DOT/USD
2025-08-28 04:00:00,3.8676,3.9316,3.8676,3.915,43838.57209316,DOT/USD
2025-08-28 05:00:00,3.9199,3.941,3.9161,3.9338,2234.59000864,DOT/USD
2025-08-28 06:00:00,3.929,3.9306,3.9114,3.9279,14053.42874704,DOT/USD
2025-08-28 07:00:00,3.928,3.928,3.928,3.928,2.50820182,DOT/USD
2025-08-28 08:00:00,3.928,3.9609,3.928,3.9594,17980.26043663,DOT/USD
2025-08-28 09:00:00,3.9594,3.9594,3.9594,3.9594,0.0,DOT/USD
2025-08-28 10:00:00,3.9557,3.9617,3.9362,3.9617,35089.53699821,DOT/USD
2025-08-28 11:00:00,3.9621,3.9621,3.942,3.96,7212.8488404,DOT/USD
2025-08-28 12:00:00,3.9637,3.9834,3.9603,3.9692,8754.13255336,DOT/USD
2025-08-28 13:00:00,3.9681,3.9788,3.9505,3.9685,5667.32614301,DOT/USD
2025-08-28 14:00:00,3.9683,4.0114,3.964,4.0059,28115.81820639,DOT/USD
2025-08-28 15:00:00,4.006,4.0176,3.9488,3.9553,10093.82722338,DOT/USD
2025-08-28 16:00:00,3.9553,3.9807,3.8975,3.9008,20343.38484096,DOT/USD
2025-08-28 17:00:00,3.9001,3.9349,3.8952,3.9282,53667.70441042,DOT/USD
2025-08-28 18:00:00,3.9294,3.9409,3.918,3.9335,26305.5954677,DOT/USD
2025-08-28 19:00:00,3.9295,3.9402,3.8841,3.8841,19782.61088601,DOT/USD
2025-08-28 20:00:00,3.88,3.9175,3.876,3.912,53263.03949986,DOT/USD
2025-08-28 21:00:00,3.9126,3.9412,3.9124,3.9402,14127.59277179,DOT/USD
2025-08-28 22:00:00,3.9413,4.0002,3.9411,3.9988,10162.30832248,DOT/USD
2025-08-28 23:00:00,3.9953,3.998,3.9738,3.979,13806.09586335,DOT/USD
2025-08-29 00:00:00,3.9813,3.999,3.9616,3.9724,1126.96819662,DOT/USD
2025-08-29 01:00:00,3.973,3.973,3.9237,3.9356,3282.20956748,DOT/USD
2025-08-29 02:00:00,3.934,3.9725,3.9328,3.9469,3200.26929917,DOT/USD
2025-08-29 03:00:00,3.9435,3.9619,3.938,3.954,15651.61287055,DOT/USD
2025-08-29 04:00:00,3.9551,3.9571,3.9224,3.9263,1800.33180551,DOT/USD
2025-08-29 05:00:00,3.9248,3.9414,3.9041,3.9227,24665.74895482,DOT/USD
2025-08-29 06:00:00,3.9232,3.9265,3.8865,3.9111,69740.64463269,DOT/USD
2025-08-29 07:00:00,3.9039,3.9039,3.8134,3.8134,28448.57970726,DOT/USD
2025-08-29 08:00:00,3.8135,3.8219,3.7716,3.7739,44605.56437268,DOT/USD
2025-08-29 09:00:00,3.7726,3.8059,3.7517,3.8022,11517.99600241,DOT/USD
2025-08-29 10:00:00,3.8068,3.819,3.8004,3.8041,5461.58311529,DOT/USD
2025-08-29 11:00:00,3.8047,3.831,3.7949,3.8271,46589.28426451,DOT/USD
2025-08-29 12:00:00,3.8278,3.9091,3.8278,3.8525,18942.03113571,DOT/USD
2025-08-29 13:00:00,3.856,3.8561,3.7843,3.8084,10585.25180702,DOT/USD
2025-08-29 14:00:00,3.81,3.8241,3.7572,3.7604,22277.09907062,DOT/USD
2025-08-29 15:00:00,3.7673,3.7962,3.767,3.7742,18996.47522574,DOT/USD
2025-08-29 16:00:00,3.769,3.7856,3.7471,3.7742,4090.71278586,DOT/USD
2025-08-29 17:00:00,3.7737,3.7737,3.7425,3.7553,8388.00664215,DOT/USD
2025-08-29 18:00:00,3.7547,3.7598,3.7291,3.7291,2937.12943989,DOT/USD
2025-08-29 19:00:00,3.7302,3.7757,3.7271,3.7665,5110.82302642,DOT/USD
2025-08-29 20:00:00,3.7622,3.771,3.736,3.7422,56179.13880166,DOT/USD
2025-08-29 21:00:00,3.7383,3.785,3.728,3.7779,9169.93032779,DOT/USD
2025-08-29 22:00:00,3.7636,3.7712,3.756,3.7631,11413.15806757,DOT/USD
2025-08-29 23:00:00,3.7722,3.7861,3.7722,3.7745,13937.23236279,DOT/USD
2025-08-30 00:00:00,3.7748,3.7887,3.7574,3.7638,780.53564717,DOT/USD
2025-08-30 01:00:00,3.7622,3.7714,3.7123,3.7168,13752.82680682,DOT/USD
2025-08-30 02:00:00,3.7156,3.7741,3.7156,3.7697,2891.90040115,DOT/USD
2025-08-30 03:00:00,3.7704,3.8216,3.7704,3.8216,21107.57380312,DOT/USD
2025-08-30 04:00:00,3.8179,3.8179,3.7949,3.7971,4636.09025953,DOT/USD
2025-08-30 05:00:00,3.796,3.814,3.7929,3.808,1790.2684804,DOT/USD
2025-08-30 06:00:00,3.8022,3.8122,3.7955,3.8,13945.16903872,DOT/USD
2025-08-30 07:00:00,3.8,3.8085,3.7991,3.8085,2720.82890902,DOT/USD
2025-08-30 08:00:00,3.81,3.81,3.7983,3.7983,1224.09302557,DOT/USD
2025-08-30 09:00:00,3.7928,3.7939,3.7783,3.7838,2670.57903762,DOT/USD
2025-08-30 10:00:00,3.7829,3.7989,3.7814,3.7896,1080.28537105,DOT/USD
2025-08-30 11:00:00,3.7896,3.79,3.7776,3.7892,2061.303595,DOT/USD
2025-08-30 12:00:00,3.7938,3.7938,3.757,3.7674,3117.85473848,DOT/USD
2025-08-30 13:00:00,3.762,3.7635,3.7338,3.7565,12306.72105219,DOT/USD
2025-08-30 14:00:00,3.7576,3.7637,3.743,3.7632,523.15207189,DOT/USD
2025-08-30 15:00:00,3.7646,3.7895,3.7602,3.7834,17318.51365171,DOT/USD
2025-08-30 16:00:00,3.7831,3.7831,3.7603,3.7603,2028.00872934,DOT/USD
2025-08-30 17:00:00,3.7603,3.7764,3.7603,3.7712,1348.81504595,DOT/USD
2025-08-30 18:00:00,3.7742,3.7825,3.761,3.7729,830.55272698,DOT/USD
2025-08-30 19:00:00,3.7671,3.7914,3.766,3.7909,4763.83853196,DOT/USD
2025-08-30 20:00:00,3.7845,3.7955,3.7789,3.7907,971.51001811,DOT/USD
2025-08-30 21:00:00,3.7905,3.7968,3.7857,3.7943,11622.90343209,DOT/USD
2025-08-30 22:00:00,3.7941,3.8,3.783,3.7999,811.62783361,DOT/USD
2025-08-30 23:00:00,3.7999,3.8108,3.7999,3.8105,3002.08842073,DOT/USD
2025-08-31 00:00:00,3.8097,3.8566,3.8097,3.8525,4667.57019544,DOT/USD
2025-08-31 01:00:00,3.8563,3.8728,3.8422,3.8728,24653.68367426,DOT/USD
2025-08-31 02:00:00,3.8675,3.874,3.8507,3.8551,936.44465381,DOT/USD
2025-08-31 03:00:00,3.8563,3.8588,3.8483,3.8581,1264.59433086,DOT/USD
2025-08-31 04:00:00,3.8602,3.8621,3.8246,3.831,546.951856,DOT/USD
2025-08-31 05:00:00,3.8311,3.8311,3.8102,3.8195,3257.28044226,DOT/USD
2025-08-31 06:00:00,3.82,3.8211,3.8001,3.8032,2826.34640453,DOT/USD
2025-08-31 07:00:00,3.8032,3.8155,3.8001,3.8028,459.87062325,DOT/USD
2025-08-31 08:00:00,3.8028,3.8321,3.8027,3.8321,2669.09480303,DOT/USD
2025-08-31 09:00:00,3.8319,3.8445,3.815,3.815,6579.83459158,DOT/USD
2025-08-31 10:00:00,3.818,3.8205,3.7864,3.7949,14785.62972186,DOT/USD
2025-08-31 11:00:00,3.796,3.8126,3.7902,3.8107,2693.09222246,DOT/USD
2025-08-31 12:00:00,3.8125,3.82,3.7993,3.82,2539.84271056,DOT/USD
2025-08-31 13:00:00,3.8182,3.8259,3.7909,3.7987,20485.84243359,DOT/USD
2025-08-31 14:00:00,3.7978,3.8024,3.78,3.7907,2234.33023397,DOT/USD
2025-08-31 15:00:00,3.7902,3.8166,3.7902,3.8164,1193.42551923,DOT/USD
2025-08-31 16:00:00,3.8164,3.8164,3.7955,3.8011,1180.73771824,DOT/USD
2025-08-31 17:00:00,3.8007,3.8042,3.7897,3.7961,4526.24724624,DOT/USD
2025-08-31 18:00:00,3.7963,3.8256,3.7951,3.8247,2608.22554957,DOT/USD
2025-08-31 19:00:00,3.8265,3.8281,3.799,3.799,3522.02701018,DOT/USD
2025-08-31 20:00:00,3.799,3.807,3.7791,3.8011,32527.69795426,DOT/USD
2025-08-31 21:00:00,3.8001,3.8143,3.7964,3.8069,1890.37655128,DOT/USD
2025-08-31 22:00:00,3.8081,3.8081,3.77,3.7741,12644.32998298,DOT/USD
2025-08-31 23:00:00,3.7744,3.7744,3.735,3.7417,60591.30424715,DOT/USD
2025-09-01 00:00:00,3.7419,3.7467,3.7077,3.7314,20113.70912356,DOT/USD
2025-09-01 01:00:00,3.73,3.7485,3.7123,3.7327,3716.51542761,DOT/USD
2025-09-01 02:00:00,3.7327,3.734,3.6781,3.6861,29356.57516332,DOT/USD
2025-09-01 03:00:00,3.6882,3.699,3.677,3.6903,3224.08772798,DOT/USD
2025-09-01 04:00:00,3.6856,3.6898,3.6561,3.6688,5850.11963917,DOT/USD
2025-09-01 05:00:00,3.6704,3.697,3.6574,3.6951,55031.6439108,DOT/USD
2025-09-01 06:00:00,3.6928,3.7113,3.6698,3.7024,77942.39541041,DOT/USD
2025-09-01 07:00:00,3.7005,3.8173,3.6863,3.8173,30603.02676411,DOT/USD
2025-09-01 08:00:00,3.818,3.8475,3.796,3.8475,14189.01132189,DOT/USD
2025-09-01 09:00:00,3.8484,3.8827,3.8357,3.8422,19929.63699,DOT/USD
2025-09-01 10:00:00,3.8361,3.8361,3.7796,3.7962,9229.24965548,DOT/USD
2025-09-01 11:00:00,3.7964,3.7964,3.7627,3.7692,3450.88063647,DOT/USD
2025-09-01 12:00:00,3.7704,3.7964,3.7634,3.7721,7875.32511901,DOT/USD
2025-09-01 13:00:00,3.7695,3.779,3.742,3.7491,52151.56056164,DOT/USD
2025-09-01 14:00:00,3.7491,3.7926,3.733,3.7603,96443.6444021,DOT/USD
2025-09-01 15:00:00,3.7611,3.7653,3.7241,3.7273,1844.28966446,DOT/USD
2025-09-01 16:00:00,3.7298,3.7377,3.7167,3.7215,6175.514293,DOT/USD
2025-09-01 17:00:00,3.7204,3.7238,3.6966,3.7102,15026.09279777,DOT/USD
2025-09-01 18:00:00,3.7121,3.7303,3.709,3.7261,7557.51660868,DOT/USD
2025-09-01 19:00:00,3.724,3.7439,3.724,3.7439,19903.44966377,DOT/USD
2025-09-01 20:00:00,3.7422,3.7422,3.6464,3.676,30940.94623457,DOT/USD
2025-09-01 21:00:00,3.6774,3.6774,3.6154,3.6404,20839.37683564,DOT/USD
2025-09-01 22:00:00,3.6404,3.6618,3.6332,3.6598,10767.72283913,DOT/USD
2025-09-01 23:00:00,3.6587,3.7025,3.6587,3.6905,31509.31663829,DOT/USD
2025-09-02 00:00:00,3.6905,3.6997,3.6781,3.686,2362.99343996,DOT/USD
2025-09-02 01:00:00,3.6864,3.729,3.6859,3.7157,6812.22184373,DOT/USD
2025-09-02 02:00:00,3.7116,3.7589,3.7116,3.7589,2972.1437723,DOT/USD
2025-09-02 03:00:00,3.7602,3.7838,3.7538,3.7713,5482.20890779,DOT/USD
2025-09-02 04:00:00,3.7713,3.7838,3.7656,3.7783,14791.10839893,DOT/USD
2025-09-02 05:00:00,3.7796,3.7848,3.7721,3.7754,8085.2865859,DOT/USD
2025-09-02 06:00:00,3.7784,3.7894,3.7777,3.7849,19123.71763391,DOT/USD
2025-09-02 07:00:00,3.774,3.774,3.7496,3.7534,7728.21647885,DOT/USD
2025-09-02 08:00:00,3.758,3.7751,3.7544,3.7714,20342.50901016,DOT/USD
2025-09-02 09:00:00,3.7652,3.7826,3.7634,3.7771,3100.9648392,DOT/USD
2025-09-02 10:00:00,3.7771,3.7827,3.7706,3.7741,2551.53683102,DOT/USD
2025-09-02 11:00:00,3.774,3.7741,3.756,3.756,1553.32154729,DOT/USD
2025-09-02 12:00:00,3.7569,3.7609,3.6934,3.699,87378.13890958,DOT/USD
2025-09-02 13:00:00,3.7031,3.8043,3.7031,3.7985,29033.19825647,DOT/USD
2025-09-02 14:00:00,3.7991,3.8128,3.7775,3.7964,26373.90776471,DOT/USD
2025-09-02 15:00:00,3.789,3.7891,3.7298,3.734,8649.00507742,DOT/USD
2025-09-02 16:00:00,3.7342,3.7638,3.7342,3.7599,2561.78297244,DOT/USD
2025-09-02 17:00:00,3.7652,3.7826,3.7652,3.7743,922.73526012,DOT/USD
2025-09-02 18:00:00,3.7756,3.7756,3.7378,3.768,1350.15964783,DOT/USD
2025-09-02 19:00:00,3.7681,3.7726,3.7404,3.7464,28753.96071177,DOT/USD
2025-09-02 20:00:00,3.7456,3.7961,3.7456,3.7907,3776.42553095,DOT/USD
2025-09-02 21:00:00,3.7909,3.8119,3.7895,3.8091,3793.61304566,DOT/USD
2025-09-02 22:00:00,3.8064,3.8177,3.7959,3.8157,16954.90241887,DOT/USD
2025-09-02 23:00:00,3.8178,3.8234,3.8045,3.8164,55642.07934209,DOT/USD
2025-09-03 00:00:00,3.8151,3.8285,3.814,3.8149,4989.57409224,DOT/USD
2025-09-03 01:00:00,3.803,3.8226,3.7926,3.8226,12974.89913658,DOT/USD
2025-09-03 02:00:00,3.8266,3.8387,3.8181,3.83,7368.00219286,DOT/USD
2025-09-03 03:00:00,3.8261,3.8265,3.8121,3.8181,2000.28987515,DOT/USD
2025-09-03 04:00:00,3.8215,3.8253,3.808,3.8129,2011.05391662,DOT/USD
2025-09-03 05:00:00,3.8113,3.8113,3.7977,3.8015,612.34610398,DOT/USD
2025-09-03 06:00:00,3.8015,3.8092,3.7883,3.8082,14401.64291489,DOT/USD
2025-09-03 07:00:00,3.8054,3.8078,3.794,3.8078,5255.82920187,DOT/USD
2025-09-03 08:00:00,3.8078,3.8357,3.8078,3.8149,31960.55201283,DOT/USD
2025-09-03 09:00:00,3.8224,3.8351,3.8073,3.8333,10926.97115385,DOT/USD
2025-09-03 10:00:00,3.837,3.8493,3.8301,3.8301,9968.38594949,DOT/USD
2025-09-03 11:00:00,3.8353,3.8425,3.8344,3.8366,2902.32824492,DOT/USD
2025-09-03 12:00:00,3.8301,3.8357,3.8131,3.8136,2413.37801449,DOT/USD
2025-09-03 13:00:00,3.8212,3.8694,3.8198,3.8502,38353.08049719,DOT/USD
2025-09-03 14:00:00,3.8564,3.8875,3.854,3.8817,20237.32490841,DOT/USD
2025-09-03 15:00:00,3.8811,3.9011,3.8742,3.8932,10674.13456086,DOT/USD
2025-09-03 16:00:00,3.8933,3.9038,3.8656,3.8715,8466.74715393,DOT/USD
2025-09-03 17:00:00,3.8756,3.888,3.8756,3.8789,6868.54650643,DOT/USD
2025-09-03 18:00:00,3.8803,3.885,3.8734,3.8778,3184.12120839,DOT/USD
2025-09-03 19:00:00,3.8799,3.8937,3.8744,3.8937,3270.21083339,DOT/USD
2025-09-03 20:00:00,3.894,3.8995,3.8846,3.8938,11161.67594292,DOT/USD
2025-09-03 21:00:00,3.8947,3.8959,3.8758,3.8866,4970.88258826,DOT/USD
2025-09-03 22:00:00,3.888,3.8933,3.8724,3.8757,4136.06650557,DOT/USD
2025-09-03 23:00:00,3.8787,3.8787,3.8599,3.8649,1790.95244206,DOT/USD
2025-09-04 00:00:00,3.8665,3.8726,3.8628,3.8725,14803.78673015,DOT/USD
2025-09-04 01:00:00,3.8668,3.8681,3.854,3.8569,3299.09843669,DOT/USD
2025-09-04 02:00:00,3.8612,3.8612,3.8369,3.8369,2238.96355198,DOT/USD
2025-09-04 03:00:00,3.8368,3.8368,3.8119,3.8119,3761.74736376,DOT/USD
2025-09-04 04:00:00,3.8118,3.8192,3.8075,3.8075,1998.09258906,DOT/USD
2025-09-04 05:00:00,3.8075,3.8075,3.7743,3.7746,15052.35027332,DOT/USD
2025-09-04 06:00:00,3.7771,3.7794,3.762,3.7674,17421.47895742,DOT/USD
2025-09-04 07:00:00,3.7744,3.7847,3.7703,3.7847,3351.60471769,DOT/USD
2025-09-04 08:00:00,3.7811,3.7968,3.7776,3.7799,2468.98509905,DOT/USD
2025-09-04 09:00:00,3.783,3.7848,3.7678,3.7748,7068.98001683,DOT/USD
2025-09-04 10:00:00,3.7759,3.7953,3.774,3.792,3637.56975927,DOT/USD
2025-09-04 11:00:00,3.7883,3.8007,3.7811,3.7841,5034.85674558,DOT/USD
2025-09-04 12:00:00,3.784,3.7942,3.77,3.7871,3073.33004645,DOT/USD
2025-09-04 13:00:00,3.7893,3.7966,3.7753,3.7831,2612.39421467,DOT/USD
2025-09-04 14:00:00,3.7823,3.7823,3.7436,3.7675,4420.19314018,DOT/USD
2025-09-04 15:00:00,3.7666,3.7666,3.744,3.7557,2209.19312991,DOT/USD
2025-09-04 16:00:00,3.7558,3.7711,3.7558,3.7676,8587.82474705,DOT/USD
2025-09-04 17:00:00,3.7661,3.7762,3.7558,3.7558,8158.77831257,DOT/USD
2025-09-04 18:00:00,3.7587,3.7627,3.7261,3.7422,6248.14332794,DOT/USD
2025-09-04 19:00:00,3.7407,3.7515,3.7346,3.7388,7908.80768302,DOT/USD
2025-09-04 20:00:00,3.7366,3.7728,3.7366,3.7707,3210.97661955,DOT/USD
2025-09-04 21:00:00,3.7686,3.7846,3.7673,3.7796,15330.79117153,DOT/USD
2025-09-04 22:00:00,3.7809,3.7953,3.7759,3.7937,9524.36022716,DOT/USD
2025-09-04 23:00:00,3.7967,3.8032,3.7641,3.7671,2072.59736671,DOT/USD
2025-09-05 00:00:00,3.7629,3.7762,3.7609,3.7609,638.64212509,DOT/USD
2025-09-05 01:00:00,3.7591,3.7858,3.7591,3.7842,1795.95939245,DOT/USD
2025-09-05 02:00:00,3.7861,3.789,3.7724,3.7843,1072.60575131,DOT/USD
2025-09-05 03:00:00,3.7855,3.7855,3.7722,3.7831,389.63496624,DOT/USD
2025-09-05 04:00:00,3.783,3.79,3.7766,3.79,1914.26838426,DOT/USD
2025-09-05 05:00:00,3.7893,3.7916,3.7877,3.7909,1679.16376345,DOT/USD
2025-09-05 06:00:00,3.7905,3.7937,3.7793,3.79,10398.83943412,DOT/USD
2025-09-05 07:00:00,3.79,3.8413,3.79,3.8375,14282.46367363,DOT/USD
2025-09-05 08:00:00,3.8375,3.84,3.8213,3.8243,2217.28403141,DOT/USD
2025-09-05 09:00:00,3.8242,3.8269,3.8105,3.8269,6141.54414878,DOT/USD
2025-09-05 10:00:00,3.8287,3.8378,3.8271,3.8271,3457.56376932,DOT/USD
2025-09-05 11:00:00,3.8259,3.8348,3.8219,3.8298,799.46576652,DOT/USD
2025-09-05 12:00:00,3.829,3.8892,3.8239,3.8849,10357.6063312,DOT/USD
2025-09-05 13:00:00,3.8892,3.8928,3.872,3.8814,12409.90874026,DOT/USD
2025-09-05 14:00:00,3.8789,3.8789,3.7769,3.7951,37143.5074284,DOT/USD
2025-09-05 15:00:00,3.7981,3.8196,3.7865,3.8084,9802.50978305,DOT/USD
2025-09-05 16:00:00,3.809,3.8221,3.8015,3.8143,8408.73980994,DOT/USD
2025-09-05 17:00:00,3.8154,3.8168,3.7864,3.8011,59114.36428001,DOT/USD
2025-09-05 18:00:00,3.8011,3.8267,3.7864,3.817,62586.14563177,DOT/USD
2025-09-05 19:00:00,3.8162,3.8258,3.8132,3.8195,9613.61853681,DOT/USD
2025-09-05 20:00:00,3.8256,3.8421,3.8225,3.8421,6595.89273747,DOT/USD
2025-09-05 21:00:00,3.8427,3.8448,3.8126,3.814,11099.40947088,DOT/USD
2025-09-05 22:00:00,3.8166,3.831,3.8115,3.8303,2187.32886951,DOT/USD
2025-09-05 23:00:00,3.8285,3.8338,3.8263,3.8266,1824.40190111,DOT/USD
2025-09-06 00:00:00,3.8265,3.8476,3.8265,3.8425,5511.42310868,DOT/USD
2025-09-06 01:00:00,3.8357,3.8473,3.8357,3.8473,452.25006578,DOT/USD
2025-09-06 02:00:00,3.8484,3.8621,3.8468,3.8603,2807.1772424,DOT/USD
2025-09-06 03:00:00,3.8642,3.8802,3.8638,3.8799,2972.45300062,DOT/USD
2025-09-06 04:00:00,3.8744,3.8784,3.8472,3.8573,14254.64356527,DOT/USD
2025-09-06 05:00:00,3.8536,3.8557,3.8322,3.8357,10678.28147784,DOT/USD
2025-09-06 06:00:00,3.8315,3.8352,3.8286,3.8319,3217.41425576,DOT/USD
2025-09-06 07:00:00,3.834,3.8341,3.8196,3.8244,1813.60466129,DOT/USD
2025-09-06 08:00:00,3.826,3.826,3.8136,3.8136,2093.23475732,DOT/USD
2025-09-06 09:00:00,3.8154,3.8154,3.799,3.8037,4064.64649258,DOT/USD
2025-09-06 10:00:00,3.7989,3.8137,3.797,3.8133,4738.87841518,DOT/USD
2025-09-06 11:00:00,3.8164,3.8183,3.808,3.8138,1897.04323221,DOT/USD
2025-09-06 12:00:00,3.8132,3.8193,3.8098,3.8098,1099.1139744,DOT/USD
2025-09-06 13:00:00,3.8098,3.8133,3.8021,3.8045,7382.21312662,DOT/USD
2025-09-06 14:00:00,3.8096,3.8243,3.8077,3.8184,4128.21921284,DOT/USD
2025-09-06 15:00:00,3.8171,3.8171,3.7906,3.7937,817.45662267,DOT/USD
2025-09-06 16:00:00,3.7912,3.8179,3.786,3.8134,12224.97703486,DOT/USD
2025-09-06 17:00:00,3.8078,3.8078,3.796,3.7999,2501.33832649,DOT/USD
2025-09-06 18:00:00,3.7988,3.8106,3.7988,3.8098,3463.89412178,DOT/USD
2025-09-06 19:00:00,3.8069,3.8072,3.791,3.7917,3165.55302743,DOT/USD
2025-09-06 20:00:00,3.7919,3.8105,3.7918,3.8105,1122.64368778,DOT/USD
2025-09-06 21:00:00,3.815,3.815,3.8083,3.8139,1254.38272283,DOT/USD
2025-09-06 22:00:00,3.8165,3.8208,3.8124,3.8174,606.48830182,DOT/USD
2025-09-06 23:00:00,3.8181,3.8341,3.812,3.8245,89650.05003752,DOT/USD
2025-09-07 00:00:00,3.8252,3.8358,3.8222,3.8326,4756.32086573,DOT/USD
2025-09-07 01:00:00,3.8322,3.853,3.8315,3.8478,14701.39526252,DOT/USD
2025-09-07 02:00:00,3.8482,3.8561,3.8425,3.8561,2428.46920768,DOT/USD
2025-09-07 03:00:00,3.8556,3.8591,3.8492,3.8503,1291.60697485,DOT/USD
2025-09-07 04:00:00,3.8506,3.8524,3.8459,3.8506,942.24087313,DOT/USD
2025-09-07 05:00:00,3.8507,3.8659,3.8467,3.8659,14365.05736761,DOT/USD
2025-09-07 06:00:00,3.8659,3.8659,3.8502,3.8505,7264.57766046,DOT/USD
2025-09-07 07:00:00,3.851,3.8621,3.8487,3.8519,1537.19789236,DOT/USD
2025-09-07 08:00:00,3.8527,3.8657,3.8527,3.861,1192.83481497,DOT/USD
2025-09-07 09:00:00,3.861,3.8611,3.8482,3.8528,56975.49966844,DOT/USD
2025-09-07 10:00:00,3.8546,3.8606,3.8546,3.8577,1350.45070514,DOT/USD
2025-09-07 11:00:00,3.8595,3.8649,3.8538,3.8649,885.90076761,DOT/USD
2025-09-07 12:00:00,3.8658,3.9642,3.8645,3.9593,37854.8857707,DOT/USD
2025-09-07 13:00:00,3.9642,4.0864,3.9642,4.0815,87820.38840656,DOT/USD
2025-09-07 14:00:00,4.0753,4.0753,4.0076,4.0148,63095.74786971,DOT/USD
2025-09-07 15:00:00,4.0156,4.025,3.9621,3.9665,44490.07581518,DOT/USD
2025-09-07 16:00:00,3.9679,3.9926,3.9679,3.9812,9267.91852161,DOT/USD
2025-09-07 17:00:00,3.9801,3.9806,3.955,3.955,12292.73781689,DOT/USD
2025-09-07 18:00:00,3.9561,3.9784,3.955,3.9674,2641.89057418,DOT/USD
2025-09-07 19:00:00,3.965,4.0129,3.9592,3.9885,7865.45402562,DOT/USD
2025-09-07 20:00:00,3.9886,3.9928,3.9784,3.9869,19663.14932731,DOT/USD
2025-09-07 21:00:00,3.9904,3.9913,3.9767,3.9822,1895.79514746,DOT/USD
2025-09-07 22:00:00,3.982,4.0115,3.982,4.0111,11895.40203227,DOT/USD
2025-09-07 23:00:00,4.0129,4.0157,3.9918,3.995,56157.70563869,DOT/USD
2025-09-08 00:00:00,3.9948,4.0184,3.9829,4.0003,25836.24557084,DOT/USD
2025-09-08 01:00:00,3.9987,4.0237,3.9957,4.0127,8722.62085969,DOT/USD
2025-09-08 02:00:00,4.0177,4.0568,3.9977,4.041,15326.57320465,DOT/USD
2025-09-08 03:00:00,4.0462,4.0692,4.0461,4.0498,7317.92722014,DOT/USD
2025-09-08 04:00:00,4.0458,4.0502,4.0231,4.0269,28141.28043875,DOT/USD
2025-09-08 05:00:00,4.0292,4.0463,4.0228,4.0341,13752.47962518,DOT/USD
2025-09-08 06:00:00,4.0238,4.0238,4.0044,4.0044,26258.28083987,DOT/USD
2025-09-08 07:00:00,4.0043,4.0101,3.9877,3.9999,8585.24382203,DOT/USD
2025-09-08 08:00:00,3.9976,4.0167,3.9975,4.0027,11861.23888772,DOT/USD
2025-09-08 09:00:00,4.0032,4.0366,3.9993,4.0306,5211.11334236,DOT/USD
2025-09-08 10:00:00,4.035,4.0506,4.0297,4.0298,12353.16249707,DOT/USD
2025-09-08 11:00:00,4.0257,4.0314,4.0127,4.0231,4407.20008447,DOT/USD
2025-09-08 12:00:00,4.0262,4.0291,4.0111,4.0259,1839.6634227,DOT/USD
2025-09-08 13:00:00,4.0273,4.0471,4.0103,4.0107,63299.38753869,DOT/USD
2025-09-08 14:00:00,4.0105,4.0566,4.0071,4.0459,35871.37449716,DOT/USD
2025-09-08 15:00:00,4.0423,4.0732,4.038,4.0651,26787.86898429,DOT/USD
2025-09-08 16:00:00,4.0697,4.0773,4.0479,4.05,6716.96544558,DOT/USD
2025-09-08 17:00:00,4.0489,4.0671,4.0347,4.035,6549.08107908,DOT/USD
2025-09-08 18:00:00,4.0308,4.0551,4.0307,4.0551,2512.49721726,DOT/USD
2025-09-08 19:00:00,4.0519,4.0519,4.0182,4.0213,2281.16531568,DOT/USD
2025-09-08 20:00:00,4.022,4.0306,4.0031,4.0151,1453.8187815,DOT/USD
2025-09-08 21:00:00,4.0139,4.0601,4.0088,4.0588,6081.88710492,DOT/USD
2025-09-08 22:00:00,4.0586,4.0651,4.0488,4.049,5295.75554243,DOT/USD
2025-09-08 23:00:00,4.0478,4.055,4.0327,4.0463,2434.2496288,DOT/USD
2025-09-09 00:00:00,4.05,4.0811,4.05,4.0811,22862.17798469,DOT/USD
2025-09-09 01:00:00,4.0811,4.096,4.0518,4.0574,38792.84316148,DOT/USD
2025-09-09 02:00:00,4.0589,4.0622,4.021,4.0286,4191.60504138,DOT/USD
2025-09-09 03:00:00,4.0245,4.0441,4.0073,4.0422,4756.96200716,DOT/USD
2025-09-09 04:00:00,4.0397,4.0537,4.0359,4.0474,2387.58661232,DOT/USD
2025-09-09 05:00:00,4.0529,4.0542,4.0347,4.0542,15208.38463183,DOT/USD
2025-09-09 06:00:00,4.0556,4.1215,4.0556,4.1105,152318.45754506,DOT/USD
2025-09-09 07:00:00,4.113,4.168,4.1092,4.1198,38689.54239223,DOT/USD
2025-09-09 08:00:00,4.1252,4.1421,4.1219,4.1294,6852.65038786,DOT/USD
2025-09-09 09:00:00,4.1359,4.1506,4.1304,4.146,9833.19195308,DOT/USD
2025-09-09 10:00:00,4.146,4.159,4.132,4.15,34301.98879879,DOT/USD
2025-09-09 11:00:00,4.1515,4.1795,4.15,4.15,58295.41395026,DOT/USD
2025-09-09 12:00:00,4.1501,4.1778,4.1358,4.1371,434785.50999087,DOT/USD
2025-09-09 13:00:00,4.1386,4.1756,4.1189,4.1727,32947.39058737,DOT/USD
2025-09-09 14:00:00,4.1727,4.183,4.0711,4.1121,237160.86766409,DOT/USD
2025-09-09 15:00:00,4.1124,4.117,4.0587,4.0759,343688.9505097,DOT/USD
2025-09-09 16:00:00,4.0747,4.0832,4.0353,4.05,24210.41388307,DOT/USD
2025-09-09 17:00:00,4.0501,4.0772,4.0492,4.0606,18144.90252296,DOT/USD
2025-09-09 18:00:00,4.062,4.0832,4.0569,4.0807,9179.84636817,DOT/USD
2025-09-09 19:00:00,4.0833,4.1131,4.0833,4.108,31898.57013039,DOT/USD
2025-09-09 20:00:00,4.108,4.1277,4.0913,4.1246,11096.42201537,DOT/USD
2025-09-09 21:00:00,4.1259,4.1379,4.101,4.101,6846.32057475,DOT/USD
2025-09-09 22:00:00,4.1084,4.1408,4.1016,4.1383,8102.8512747,DOT/USD
2025-09-09 23:00:00,4.1382,4.1442,4.1208,4.1382,5950.8306703,DOT/USD
2025-09-10 00:00:00,4.1382,4.1473,4.1022,4.1125,10697.07952332,DOT/USD
2025-09-10 01:00:00,4.1062,4.1527,4.1006,4.1279,19169.37784057,DOT/USD
2025-09-10 02:00:00,4.1297,4.1436,4.1229,4.1329,16418.52711535,DOT/USD
2025-09-10 03:00:00,4.1376,4.1396,4.1209,4.1313,983.44580335,DOT/USD
2025-09-10 04:00:00,4.135,4.135,4.1034,4.1209,12848.73781453,DOT/USD
2025-09-10 05:00:00,4.1203,4.1203,4.0767,4.0934,39680.1362749,DOT/USD
2025-09-10 06:00:00,4.0898,4.1127,4.0837,4.1113,5382.20568281,DOT/USD
2025-09-10 07:00:00,4.1076,4.1228,4.1027,4.1154,28526.61412981,DOT/USD
2025-09-10 08:00:00,4.1143,4.1229,4.0851,4.0851,101911.93061834,DOT/USD
2025-09-10 09:00:00,4.0896,4.0948,4.0692,4.0911,2973.66063836,DOT/USD
2025-09-10 10:00:00,4.0912,4.0974,4.0577,4.0591,14196.69338091,DOT/USD
2025-09-10 11:00:00,4.0579,4.0822,4.0566,4.0822,4475.86941392,DOT/USD
2025-09-10 12:00:00,4.0821,4.1685,4.0772,4.1685,12929.84002487,DOT/USD
2025-09-10 13:00:00,4.169,4.2051,4.1491,4.1841,49587.36787013,DOT/USD
2025-09-10 14:00:00,4.1849,4.2014,4.1593,4.1629,18352.73571115,DOT/USD
2025-09-10 15:00:00,4.1629,4.1817,4.1597,4.1721,26315.9892493,DOT/USD
2025-09-10 16:00:00,4.173,4.19,4.1451,4.19,17570.65526937,DOT/USD
2025-09-10 17:00:00,4.1916,4.1974,4.163,4.1889,7473.34711842,DOT/USD
2025-09-10 18:00:00,4.1873,4.1961,4.1711,4.1936,12397.84671615,DOT/USD
2025-09-10 19:00:00,4.195,4.195,4.144,4.1643,21311.87140476,DOT/USD
2025-09-10 20:00:00,4.1613,4.1883,4.1589,4.1727,9749.90467918,DOT/USD
2025-09-10 21:00:00,4.1711,4.1944,4.1711,4.1937,7761.21411437,DOT/USD
2025-09-10 22:00:00,4.1941,4.2234,4.1927,4.2001,46398.64419997,DOT/USD
2025-09-10 23:00:00,4.2036,4.2147,4.193,4.2123,10587.74733944,DOT/USD
2025-09-11 00:00:00,4.2162,4.2449,4.1985,4.2369,4809.10583126,DOT/USD
2025-09-11 01:00:00,4.2395,4.2457,4.227,4.2398,6915.63533808,DOT/USD
2025-09-11 02:00:00,4.2411,4.2545,4.2132,4.2162,10500.09077398,DOT/USD
2025-09-11 03:00:00,4.2145,4.2463,4.2099,4.2425,2713.61867263,DOT/USD
2025-09-11 04:00:00,4.2373,4.2373,4.2216,4.226,459.1720242,DOT/USD
2025-09-11 05:00:00,4.2178,4.2217,4.2,4.2172,15982.75399818,DOT/USD
2025-09-11 06:00:00,4.2103,4.2278,4.2077,4.2278,4492.09106836,DOT/USD
2025-09-11 07:00:00,4.2197,4.2269,4.215,4.2243,35468.40848077,DOT/USD
2025-09-11 08:00:00,4.2207,4.2243,4.211,4.211,1121.79740188,DOT/USD
2025-09-11 09:00:00,4.2051,4.2051,4.1769,4.187,7305.76553633,DOT/USD
2025-09-11 10:00:00,4.1912,4.2066,4.1912,4.2051,4231.29214416,DOT/USD
2025-09-11 11:00:00,4.206,4.2186,4.1889,4.1889,7371.57587567,DOT/USD
2025-09-11 12:00:00,4.1944,4.2414,4.135,4.1847,71283.18502838,DOT/USD
2025-09-11 13:00:00,4.1868,4.2045,4.1419,4.2045,13285.94363791,DOT/USD
2025-09-11 14:00:00,4.2063,4.2071,4.1538,4.1835,5724.42908316,DOT/USD
2025-09-11 15:00:00,4.1816,4.183,4.163,4.1651,3879.24322636,DOT/USD
2025-09-11 16:00:00,4.163,4.1919,4.163,4.1817,13368.09746189,DOT/USD
2025-09-11 17:00:00,4.1776,4.1937,4.1712,4.1881,8447.4292143,DOT/USD
2025-09-11 18:00:00,4.1881,4.189,4.1769,4.1882,17245.98733189,DOT/USD
2025-09-11 19:00:00,4.1894,4.2266,4.1894,4.2145,42854.83289676,DOT/USD
2025-09-11 20:00:00,4.2119,4.224,4.2019,4.217,62177.00721438,DOT/USD
2025-09-11 21:00:00,4.2165,4.2344,4.2165,4.233,12047.8722317,DOT/USD
2025-09-11 22:00:00,4.232,4.2468,4.232,4.2383,6097.68897716,DOT/USD
2025-09-11 23:00:00,4.2384,4.2547,4.2371,4.2377,11753.74927085,DOT/USD
2025-09-12 00:00:00,4.2425,4.276,4.2314,4.2706,30144.42895509,DOT/USD
2025-09-12 01:00:00,4.2697,4.2723,4.2422,4.2447,20648.31323785,DOT/USD
2025-09-12 02:00:00,4.2492,4.2551,4.2226,4.2258,14547.5160418,DOT/USD
2025-09-12 03:00:00,4.2314,4.2314,4.2045,4.217,8468.22975125,DOT/USD
2025-09-12 04:00:00,4.219,4.2267,4.21,4.2221,2633.97237769,DOT/USD
2025-09-12 05:00:00,4.2225,4.2506,4.2157,4.2501,14487.9987018,DOT/USD
2025-09-12 06:00:00,4.2501,4.2674,4.2501,4.2532,6420.55947567,DOT/USD
2025-09-12 07:00:00,4.2532,4.2595,4.2318,4.2319,5559.3097175,DOT/USD
2025-09-12 08:00:00,4.2324,4.2324,4.208,4.2102,7164.42739955,DOT/USD
2025-09-12 09:00:00,4.2133,4.2192,4.1863,4.1945,8907.65427545,DOT/USD
2025-09-12 10:00:00,4.1963,4.1987,4.1738,4.1986,3877.12655462,DOT/USD
2025-09-12 11:00:00,4.1953,4.2067,4.1726,4.1726,3237.61878254,DOT/USD
2025-09-12 12:00:00,4.1731,4.1984,4.1569,4.1964,5452.04670008,DOT/USD
2025-09-12 13:00:00,4.1967,4.218,4.1901,4.218,15319.17977632,DOT/USD
2025-09-12 14:00:00,4.2211,4.2445,4.209,4.2194,11485.39533781,DOT/USD
2025-09-12 15:00:00,4.2188,4.2188,4.1912,4.197,29800.5048248,DOT/USD
2025-09-12 16:00:00,4.197,4.2319,4.15,4.2162,384720.40132817,DOT/USD
2025-09-12 17:00:00,4.2174,4.2649,4.2133,4.2503,43731.18290015,DOT/USD
2025-09-12 18:00:00,4.2533,4.2907,4.2458,4.2877,68721.79540589,DOT/USD
2025-09-12 19:00:00,4.2899,4.2949,4.2763,4.2949,27431.86076401,DOT/USD
2025-09-12 20:00:00,4.2948,4.2949,4.2534,4.28,27141.4936786,DOT/USD
2025-09-12 21:00:00,4.2696,4.2784,4.261,4.2754,5046.0657072,DOT/USD
2025-09-12 22:00:00,4.2783,4.3199,4.278,4.3158,94789.2330075,DOT/USD
2025-09-12 23:00:00,4.3159,4.3208,4.3094,4.3197,8660.31423812,DOT/USD
2025-09-13 00:00:00,4.3198,4.3419,4.3089,4.3406,32893.49721761,DOT/USD
2025-09-13 01:00:00,4.3403,4.3518,4.3157,4.3191,24099.03383053,DOT/USD
2025-09-13 02:00:00,4.3162,4.343,4.3061,4.3361,12572.09869979,DOT/USD
2025-09-13 03:00:00,4.3411,4.3787,4.3411,4.3748,21290.92459872,DOT/USD
2025-09-13 04:00:00,4.3766,4.3985,4.3682,4.3879,20618.17785623,DOT/USD
2025-09-13 05:00:00,4.3848,4.4176,4.365,4.4176,31663.24931613,DOT/USD
2025-09-13 06:00:00,4.4157,4.5,4.4157,4.4538,89758.75891736,DOT/USD
2025-09-13 07:00:00,4.4489,4.4844,4.4317,4.464,26637.55764662,DOT/USD
2025-09-13 08:00:00,4.4547,4.5289,4.4543,4.5088,87058.48776471,DOT/USD
2025-09-13 09:00:00,4.5049,4.519,4.4963,4.5133,34935.95872851,DOT/USD
2025-09-13 10:00:00,4.5162,4.595,4.5075,4.5757,66830.04135971,DOT/USD
2025-09-13 11:00:00,4.5756,4.5831,4.5149,4.5831,50189.35565338,DOT/USD
2025-09-13 12:00:00,4.5845,4.6233,4.5609,4.6131,80581.31631893,DOT/USD
2025-09-13 13:00:00,4.6098,4.62,4.4825,4.5434,56739.48355907,DOT/USD
2025-09-13 14:00:00,4.5414,4.574,4.4982,4.535,51225.57537963,DOT/USD
2025-09-13 15:00:00,4.535,4.5542,4.4983,4.5111,9854.53676684,DOT/USD
2025-09-13 16:00:00,4.5113,4.5376,4.4465,4.4643,79149.40677412,DOT/USD
2025-09-13 17:00:00,4.4698,4.4932,4.4213,4.4895,25333.42451414,DOT/USD
2025-09-13 18:00:00,4.4754,4.4818,4.4557,4.4748,3448.8816544,DOT/USD
2025-09-13 19:00:00,4.4707,4.4737,4.4575,4.4657,16984.43220587,DOT/USD
2025-09-13 20:00:00,4.4635,4.4954,4.4635,4.491,4656.86145235,DOT/USD
2025-09-13 21:00:00,4.4856,4.5129,4.4856,4.4956,11024.60176396,DOT/USD
2025-09-13 22:00:00,4.4936,4.5134,4.4855,4.4918,1927.48097045,DOT/USD
2025-09-13 23:00:00,4.4939,4.5089,4.4906,4.495,4518.16977546,DOT/USD
2025-09-14 00:00:00,4.496,4.496,4.4394,4.4519,7632.2434212,DOT/USD
2025-09-14 01:00:00,4.4438,4.457,4.4031,4.4559,43083.81814026,DOT/USD
2025-09-14 02:00:00,4.4594,4.486,4.4436,4.4511,15520.00616391,DOT/USD
2025-09-14 03:00:00,4.4522,4.4531,4.3947,4.3997,9053.18199828,DOT/USD
2025-09-14 04:00:00,4.399,4.4123,4.3681,4.4001,20278.36245573,DOT/USD
2025-09-14 05:00:00,4.3995,4.442,4.3995,4.442,14095.16641843,DOT/USD
2025-09-14 06:00:00,4.443,4.4433,4.4114,4.4146,4127.69005225,DOT/USD
2025-09-14 07:00:00,4.4091,4.4395,4.4091,4.4238,980.58788213,DOT/USD
2025-09-14 08:00:00,4.414,4.4349,4.407,4.4262,1501.70501126,DOT/USD
2025-09-14 09:00:00,4.4213,4.4646,4.4099,4.4494,15977.5981088,DOT/USD
2025-09-14 10:00:00,4.4495,4.4611,4.4351,4.4452,2069.32671945,DOT/USD
2025-09-14 11:00:00,4.4449,4.4449,4.3702,4.3738,44538.38875953,DOT/USD
2025-09-14 12:00:00,4.3762,4.3943,4.3342,4.3515,22781.98503004,DOT/USD
2025-09-14 13:00:00,4.3443,4.3618,4.3103,4.3295,10018.14781546,DOT/USD
2025-09-14 14:00:00,4.3308,4.3552,4.2838,4.3141,26609.75116628,DOT/USD
2025-09-14 15:00:00,4.319,4.3352,4.2888,4.3251,29190.95474616,DOT/USD
2025-09-14 16:00:00,4.3285,4.3651,4.3243,4.3493,5943.61511413,DOT/USD
2025-09-14 17:00:00,4.3493,4.3764,4.3413,4.3658,6782.11807052,DOT/USD
2025-09-14 18:00:00,4.3619,4.3619,4.3325,4.3352,11487.92881591,DOT/USD
2025-09-14 19:00:00,4.3331,4.3473,4.3095,4.3301,28115.04907469,DOT/USD
2025-09-14 20:00:00,4.3315,4.35,4.3299,4.3355,3787.75903104,DOT/USD
2025-09-14 21:00:00,4.3328,4.3548,4.3186,4.348,6889.09789877,DOT/USD
2025-09-14 22:00:00,4.3502,4.3716,4.3356,4.3658,4189.84473052,DOT/USD
2025-09-14 23:00:00,4.3607,4.3607,4.3129,4.3227,3260.73287382,DOT/USD
2025-09-15 00:00:00,4.3178,4.3569,4.3178,4.3388,9535.26072405,DOT/USD
2025-09-15 01:00:00,4.3436,4.3442,4.2923,4.3297,4547.82698192,DOT/USD
2025-09-15 02:00:00,4.3358,4.3634,4.331,4.3398,3703.42442976,DOT/USD
2025-09-15 03:00:00,4.3354,4.373,4.3331,4.3712,3378.49000231,DOT/USD
2025-09-15 04:00:00,4.3679,4.3852,4.3552,4.3647,4961.13121116,DOT/USD
2025-09-15 05:00:00,4.3638,4.4002,4.3592,4.4002,9556.43597254,DOT/USD
2025-09-15 06:00:00,4.4007,4.4007,4.31,4.3193,19851.27375842,DOT/USD
2025-09-15 07:00:00,4.3257,4.347,4.2416,4.2558,152748.07607736,DOT/USD
2025-09-15 08:00:00,4.2552,4.2552,4.1425,4.1468,115896.09561939,DOT/USD
2025-09-15 09:00:00,4.1468,4.2005,4.1434,4.195,15626.72451989,DOT/USD
2025-09-15 10:00:00,4.1947,4.209,4.1574,4.2011,8809.59062277,DOT/USD
2025-09-15 11:00:00,4.1985,4.21,4.1771,4.1933,13402.86719177,DOT/USD
2025-09-15 12:00:00,4.1935,4.2062,4.1621,4.1621,10964.25073618,DOT/USD
2025-09-15 13:00:00,4.1674,4.2011,4.1596,4.1838,15080.23426665,DOT/USD
2025-09-15 14:00:00,4.1838,4.1873,4.1502,4.1533,6418.83829103,DOT/USD
2025-09-15 15:00:00,4.1536,4.1639,4.1181,4.1455,7074.68102217,DOT/USD
2025-09-15 16:00:00,4.1452,4.151,4.107,4.117,9623.62942958,DOT/USD
2025-09-15 17:00:00,4.1178,4.14,4.1139,4.14,5944.8822172,DOT/USD
2025-09-15 18:00:00,4.1388,4.1485,4.119,4.1477,5285.24751526,DOT/USD
2025-09-15 19:00:00,4.1493,4.1587,4.1302,4.1421,6093.88120302,DOT/USD
2025-09-15 20:00:00,4.1436,4.166,4.1436,4.1637,8019.14061595,DOT/USD
2025-09-15 21:00:00,4.1658,4.1782,4.1546,4.172,18102.65296205,DOT/USD
2025-09-15 22:00:00,4.1729,4.1785,4.1516,4.1549,1361.41628841,DOT/USD
2025-09-15 23:00:00,4.1515,4.161,4.1411,4.1552,17504.92517795,DOT/USD
2025-09-16 00:00:00,4.1484,4.15,4.1272,4.1354,2408.52010159,DOT/USD
2025-09-16 01:00:00,4.1374,4.164,4.13,4.13,2929.91567748,DOT/USD
2025-09-16 02:00:00,4.1308,4.148,4.1251,4.1267,4520.24471857,DOT/USD
2025-09-16 03:00:00,4.1251,4.1611,4.1251,4.159,7716.46438575,DOT/USD
2025-09-16 04:00:00,4.1591,4.1626,4.113,4.1532,7933.37479987,DOT/USD
2025-09-16 05:00:00,4.1562,4.2011,4.1562,4.2011,26952.17534349,DOT/USD
2025-09-16 06:00:00,4.206,4.2113,4.1464,4.1576,7056.96881132,DOT/USD
2025-09-16 07:00:00,4.1545,4.171,4.149,4.1677,10525.78121509,DOT/USD
2025-09-16 08:00:00,4.1692,4.2222,4.1692,4.2194,52282.86497531,DOT/USD
2025-09-16 09:00:00,4.2211,4.25,4.2183,4.2443,10823.69978506,DOT/USD
2025-09-16 10:00:00,4.2462,4.2487,4.217,4.219,8505.83762927,DOT/USD
2025-09-16 11:00:00,4.2172,4.224,4.202,4.2108,1983.97263725,DOT/USD
2025-09-16 12:00:00,4.2147,4.2201,4.2066,4.2098,813.86671599,DOT/USD
2025-09-16 13:00:00,4.2122,4.2456,4.172,4.2048,24188.4364416,DOT/USD
2025-09-16 14:00:00,4.2052,4.2052,4.1561,4.1861,16173.86950449,DOT/USD
2025-09-16 15:00:00,4.1718,4.2285,4.17,4.2285,6286.61751908,DOT/USD
2025-09-16 16:00:00,4.227,4.2298,4.1977,4.2159,5837.74212355,DOT/USD
2025-09-16 17:00:00,4.2159,4.2865,4.2159,4.266,13313.05693977,DOT/USD
2025-09-16 18:00:00,4.2737,4.2828,4.2548,4.2674,6767.90637823,DOT/USD
2025-09-16 19:00:00,4.2678,4.2782,4.259,4.2776,19798.00317859,DOT/USD
2025-09-16 20:00:00,4.2756,4.2883,4.262,4.2647,22481.06467643,DOT/USD
2025-09-16 21:00:00,4.2656,4.2828,4.2644,4.2828,7161.18288003,DOT/USD
2025-09-16 22:00:00,4.2888,4.2943,4.2772,4.28,8734.83605006,DOT/USD
2025-09-16 23:00:00,4.28,4.2801,4.25,4.2574,2317.96773018,DOT/USD
2025-09-17 00:00:00,4.2569,4.2578,4.2414,4.2494,13540.90094884,DOT/USD
2025-09-17 01:00:00,4.2475,4.2531,4.2305,4.2355,1321.0269352,DOT/USD
2025-09-17 02:00:00,4.2384,4.262,4.2316,4.2491,3114.51645212,DOT/USD
2025-09-17 03:00:00,4.2492,4.2549,4.2129,4.2187,12823.76694507,DOT/USD
2025-09-17 04:00:00,4.2158,4.2238,4.1851,4.1887,5865.38314405,DOT/USD
2025-09-17 05:00:00,4.1961,4.2127,4.18,4.2127,7801.28558744,DOT/USD
2025-09-17 06:00:00,4.2128,4.2321,4.2056,4.23,14878.45353848,DOT/USD
2025-09-17 07:00:00,4.2299,4.239,4.2257,4.2312,14925.16527177,DOT/USD
2025-09-17 08:00:00,4.2308,4.2308,4.1871,4.1967,11935.14947223,DOT/USD
2025-09-17 09:00:00,4.1913,4.1918,4.1779,4.1795,1973.65646573,DOT/USD
2025-09-17 10:00:00,4.1817,4.1853,4.1641,4.1711,9867.63240017,DOT/USD
2025-09-17 11:00:00,4.1697,4.1924,4.1697,4.1843,1139.53469116,DOT/USD
2025-09-17 12:00:00,4.1822,4.1994,4.1747,4.1925,2207.77493462,DOT/USD
2025-09-17 13:00:00,4.1943,4.1998,4.1767,4.1894,4928.1632462,DOT/USD
2025-09-17 14:00:00,4.1894,4.1972,4.1666,4.1666,8756.17380829,DOT/USD
2025-09-17 15:00:00,4.1658,4.1737,4.1588,4.1718,4455.0389773,DOT/USD
2025-09-17 16:00:00,4.1681,4.1936,4.1426,4.1934,38001.56375798,DOT/USD
2025-09-17 17:00:00,4.1895,4.2331,4.1597,4.1714,18381.32934569,DOT/USD
2025-09-17 18:00:00,4.1577,4.2433,4.1542,4.176,70980.46791615,DOT/USD
2025-09-17 19:00:00,4.1813,4.28,4.1813,4.28,18294.44837868,DOT/USD
2025-09-17 20:00:00,4.2809,4.3392,4.2486,4.2515,14191.89400689,DOT/USD
2025-09-17 21:00:00,4.2519,4.3168,4.2279,4.3053,5763.84645949,DOT/USD
2025-09-17 22:00:00,4.315,4.424,4.315,4.4087,16907.84239583,DOT/USD
2025-09-17 23:00:00,4.4105,4.4283,4.391,4.4031,22583.47700555,DOT/USD
2025-09-18 00:00:00,4.4036,4.4227,4.3803,4.3842,22990.82168257,DOT/USD
2025-09-18 01:00:00,4.3821,4.4663,4.3795,4.4472,32134.69249588,DOT/USD
2025-09-18 02:00:00,4.4493,4.4537,4.4168,4.4537,11733.12422813,DOT/USD
2025-09-18 03:00:00,4.4537,4.4896,4.4465,4.476,11268.35377894,DOT/USD
2025-09-18 04:00:00,4.4783,4.484,4.4611,4.4782,17041.27880391,DOT/USD
2025-09-18 05:00:00,4.474,4.492,4.4544,4.456,10431.25783018,DOT/USD
2025-09-18 06:00:00,4.456,4.4753,4.4207,4.4567,27792.81995811,DOT/USD
2025-09-18 07:00:00,4.46,4.5134,4.4457,4.4888,11047.19500314,DOT/USD
2025-09-18 08:00:00,4.4899,4.5583,4.4789,4.5183,118615.03856968,DOT/USD
2025-09-18 09:00:00,4.5185,4.5393,4.5034,4.5376,33984.02137153,DOT/USD
2025-09-18 10:00:00,4.5378,4.5659,4.5151,4.5363,13621.14300829,DOT/USD
2025-09-18 11:00:00,4.5408,4.5508,4.5215,4.5229,7763.77265556,DOT/USD
2025-09-18 12:00:00,4.5241,4.5428,4.515,4.5399,8085.62228728,DOT/USD
2025-09-18 13:00:00,4.5399,4.5766,4.5269,4.5685,51369.81929596,DOT/USD
2025-09-18 14:00:00,4.5735,4.5753,4.541,4.5648,40002.0564949,DOT/USD
2025-09-18 15:00:00,4.5677,4.5678,4.5431,4.5518,13018.54591362,DOT/USD
2025-09-18 16:00:00,4.55,4.5663,4.5475,4.5539,18616.40959098,DOT/USD
2025-09-18 17:00:00,4.5545,4.59,4.5477,4.5876,21605.66388237,DOT/USD
2025-09-18 18:00:00,4.5862,4.5984,4.5614,4.5916,24965.87545041,DOT/USD
2025-09-18 19:00:00,4.5909,4.5951,4.533,4.566,41800.97337791,DOT/USD
2025-09-18 20:00:00,4.5646,4.571,4.552,4.5675,17769.97253651,DOT/USD
2025-09-18 21:00:00,4.5697,4.571,4.5477,4.5513,20744.58699698,DOT/USD
2025-09-18 22:00:00,4.5502,4.563,4.5352,4.5455,6019.05247149,DOT/USD
2025-09-18 23:00:00,4.5466,4.5466,4.5136,4.5375,22830.35515021,DOT/USD
2025-09-19 00:00:00,4.5399,4.8038,4.5399,4.8021,151001.14896952,DOT/USD
2025-09-19 01:00:00,4.8,4.8786,4.7085,4.7224,128937.48560422,DOT/USD
2025-09-19 02:00:00,4.7208,4.7413,4.6481,4.6853,96608.84827224,DOT/USD
2025-09-19 03:00:00,4.6881,4.7099,4.6165,4.6287,32971.24185315,DOT/USD
2025-09-19 04:00:00,4.6315,4.671,4.5714,4.6685,23884.32918852,DOT/USD
2025-09-19 05:00:00,4.6686,4.673,4.6164,4.6549,13961.04078957,DOT/USD
2025-09-19 06:00:00,4.6464,4.6464,4.579,4.579,49053.38057561,DOT/USD
2025-09-19 07:00:00,4.5858,4.6208,4.5728,4.6068,20419.14886817,DOT/USD
2025-09-19 08:00:00,4.6084,4.6353,4.5934,4.5946,6024.73496222,DOT/USD
2025-09-19 09:00:00,4.5957,4.6264,4.5353,4.5475,30666.3821236,DOT/USD
2025-09-19 10:00:00,4.5493,4.57,4.5343,4.5554,115088.23207892,DOT/USD
2025-09-19 11:00:00,4.5551,4.5551,4.4658,4.4942,163934.85593136,DOT/USD
2025-09-19 12:00:00,4.495,4.526,4.4853,4.487,18808.01698557,DOT/USD
2025-09-19 13:00:00,4.4907,4.5377,4.4824,4.5231,24957.67107366,DOT/USD
2025-09-19 14:00:00,4.5237,4.5308,4.471,4.488,25422.06713208,DOT/USD
2025-09-19 15:00:00,4.4881,4.4938,4.03,4.4411,1638185.00156475,DOT/USD
2025-09-19 16:00:00,4.4411,4.4543,4.4245,4.4467,40784.84638555,DOT/USD
2025-09-19 17:00:00,4.4483,4.45,4.3776,4.3777,28468.18066997,DOT/USD
2025-09-19 18:00:00,4.3809,4.411,4.3532,4.3965,64930.94541538,DOT/USD
2025-09-19 19:00:00,4.3965,4.4194,4.3812,4.3916,16152.84556051,DOT/USD
2025-09-19 20:00:00,4.39,4.4086,4.383,4.3891,14685.83790018,DOT/USD
2025-09-19 21:00:00,4.3897,4.4124,4.3785,4.4124,6616.60052669,DOT/USD
2025-09-19 22:00:00,4.4113,4.4146,4.3916,4.3924,8944.86743769,DOT/USD
2025-09-19 23:00:00,4.3913,4.3928,4.3218,4.3602,25614.19614689,DOT/USD
2025-09-20 00:00:00,4.3556,4.3861,4.3437,4.3861,11054.33123041,DOT/USD
2025-09-20 01:00:00,4.3853,4.3853,4.3524,4.362,5869.25803269,DOT/USD
2025-09-20 02:00:00,4.362,4.362,4.2916,4.3405,27930.62114685,DOT/USD
2025-09-20 03:00:00,4.3397,4.3399,4.3146,4.3355,2159.88292312,DOT/USD
2025-09-20 04:00:00,4.3268,4.3489,4.3268,4.3427,5121.99011433,DOT/USD
2025-09-20 05:00:00,4.3443,4.38,4.3366,4.3783,2573.82813643,DOT/USD
2025-09-20 06:00:00,4.3713,4.3985,4.3562,4.3977,26754.28759726,DOT/USD
2025-09-20 07:00:00,4.3962,4.4141,4.3865,4.4141,927.08585683,DOT/USD
2025-09-20 08:00:00,4.414,4.414,4.361,4.361,6199.51402815,DOT/USD
2025-09-20 09:00:00,4.3631,4.3716,4.3403,4.3461,6999.0312322,DOT/USD
2025-09-20 10:00:00,4.3463,4.3615,4.3424,4.3424,23062.13913769,DOT/USD
2025-09-20 11:00:00,4.3424,4.3642,4.3392,4.3599,19257.12015922,DOT/USD
2025-09-20 12:00:00,4.3577,4.3653,4.3436,4.3543,2328.50123198,DOT/USD
2025-09-20 13:00:00,4.3537,4.3544,4.3308,4.3445,33756.51813639,DOT/USD
2025-09-20 14:00:00,4.3446,4.4016,4.3253,4.4015,12501.08948547,DOT/USD
2025-09-20 15:00:00,4.4015,4.4629,4.3941,4.4012,75689.33135682,DOT/USD
2025-09-20 16:00:00,4.4033,4.4189,4.3813,4.4189,9572.41096152,DOT/USD
2025-09-20 17:00:00,4.4204,4.422,4.3892,4.4042,7361.97314032,DOT/USD
2025-09-20 18:00:00,4.4028,4.4028,4.3567,4.3642,8711.64827074,DOT/USD
2025-09-20 19:00:00,4.3641,4.3736,4.35,4.3595,14229.86334107,DOT/USD
2025-09-20 20:00:00,4.36,4.3835,4.3558,4.3834,6264.99038196,DOT/USD
2025-09-20 21:00:00,4.3834,4.3953,4.3658,4.3667,4874.54545946,DOT/USD
2025-09-20 22:00:00,4.3666,4.3686,4.3513,4.3686,2858.63807872,DOT/USD
2025-09-20 23:00:00,4.3689,4.3689,4.3446,4.3584,2428.63433786,DOT/USD
2025-09-21 00:00:00,4.3583,4.374,4.3432,4.3679,7864.22358134,DOT/USD
2025-09-21 01:00:00,4.3683,4.3683,4.33,4.3349,3890.94041517,DOT/USD
2025-09-21 02:00:00,4.3347,4.3581,4.3263,4.3533,4074.21333661,DOT/USD
2025-09-21 03:00:00,4.3533,4.3617,4.3492,4.3552,1081.2498036,DOT/USD
2025-09-21 04:00:00,4.3579,4.3602,4.3366,4.3396,3688.55530787,DOT/USD
2025-09-21 05:00:00,4.3406,4.3734,4.335,4.3734,531.48774968,DOT/USD
2025-09-21 06:00:00,4.3734,4.3865,4.371,4.3742,1760.72976181,DOT/USD
2025-09-21 07:00:00,4.372,4.3826,4.3604,4.3671,695.48014096,DOT/USD
2025-09-21 08:00:00,4.3707,4.3781,4.352,4.3544,11218.14336911,DOT/USD
2025-09-21 09:00:00,4.3544,4.3566,4.291,4.3197,101150.58840942,DOT/USD
2025-09-21 10:00:00,4.3235,4.3249,4.294,4.2975,79511.54212552,DOT/USD
2025-09-21 11:00:00,4.2964,4.3211,4.2912,4.3075,6306.55738893,DOT/USD
2025-09-21 12:00:00,4.3063,4.339,4.3043,4.3202,4627.75753288,DOT/USD
2025-09-21 13:00:00,4.3184,4.3339,4.3106,4.3237,2998.89832048,DOT/USD
2025-09-21 14:00:00,4.3244,4.3274,4.3018,4.3029,2269.76518275,DOT/USD
2025-09-21 15:00:00,4.3019,4.314,4.27,4.2826,63913.79387187,DOT/USD
2025-09-21 16:00:00,4.2826,4.2897,4.2511,4.2668,16638.16533761,DOT/USD
2025-09-21 17:00:00,4.2656,4.2853,4.2401,4.2834,12775.75305299,DOT/USD
2025-09-21 18:00:00,4.2851,4.3,4.2766,4.3,3757.67533016,DOT/USD
2025-09-21 19:00:00,4.3,4.3,4.2671,4.2885,12926.23007098,DOT/USD
2025-09-21 20:00:00,4.2892,4.2902,4.2646,4.2661,4272.64129191,DOT/USD
2025-09-21 21:00:00,4.2669,4.2906,4.2646,4.2818,1367.74830852,DOT/USD
2025-09-21 22:00:00,4.281,4.2915,4.257,4.2878,4037.50023283,DOT/USD
2025-09-21 23:00:00,4.2877,4.2885,4.259,4.2631,5948.85624392,DOT/USD
2025-09-22 00:00:00,4.263,4.2803,4.1626,4.1769,39542.46232059,DOT/USD
2025-09-22 01:00:00,4.175,4.2104,4.1637,4.1835,34499.57194713,DOT/USD
2025-09-22 02:00:00,4.1821,4.1981,4.0893,4.1227,58317.28099003,DOT/USD
2025-09-22 03:00:00,4.1236,4.1505,4.1236,4.1352,10549.26323201,DOT/USD
2025-09-22 04:00:00,4.134,4.1482,4.128,4.1335,9488.05949071,DOT/USD
2025-09-22 05:00:00,4.1334,4.1352,4.0508,4.0508,30153.35855203,DOT/USD
2025-09-22 06:00:00,4.0505,4.4141,3.8209,4.0129,1113825.04773836,DOT/USD
2025-09-22 07:00:00,4.013,4.0178,3.982,3.982,72248.40532038,DOT/USD
2025-09-22 08:00:00,3.9827,4.0034,3.9438,3.9842,60548.03358432,DOT/USD
2025-09-22 09:00:00,3.9858,3.9858,3.8173,3.9428,831898.91088616,DOT/USD
2025-09-22 10:00:00,3.9441,4.0014,3.9395,3.9982,77735.17610178,DOT/USD
2025-09-22 11:00:00,3.9981,4.415,3.9752,3.9769,771807.92079423,DOT/USD
2025-09-22 12:00:00,3.9786,4.0033,3.9704,3.9984,38558.48040938,DOT/USD
2025-09-22 13:00:00,3.9944,4.0245,3.98,4.0245,25050.57708265,DOT/USD
2025-09-22 14:00:00,4.0245,4.0308,3.9878,3.9944,9038.56347795,DOT/USD
2025-09-22 15:00:00,3.9944,3.998,3.9762,3.9823,9301.19931657,DOT/USD
2025-09-22 16:00:00,3.982,4.0011,3.9722,3.9791,5622.71152183,DOT/USD
2025-09-22 17:00:00,3.9819,3.9928,3.9636,3.9892,32375.11556671,DOT/USD
2025-09-22 18:00:00,3.9872,3.9933,3.9683,3.9683,13283.11182757,DOT/USD
2025-09-22 19:00:00,3.9728,3.9728,3.9364,3.9421,23338.03845309,DOT/USD
2025-09-22 20:00:00,3.948,3.9985,3.9442,3.9985,5936.38190371,DOT/USD
2025-09-22 21:00:00,3.9967,4.0381,3.99,4.0381,49273.42871395,DOT/USD
2025-09-22 22:00:00,4.0365,4.0365,4.0141,4.0202,4777.07558832,DOT/USD
2025-09-22 23:00:00,4.0178,4.0405,4.0161,4.0374,1790.32782187,DOT/USD
2025-09-23 00:00:00,4.0406,4.0669,4.0234,4.0235,51858.49938513,DOT/USD
2025-09-23 01:00:00,4.0248,4.0248,3.9906,3.9906,2627.56634531,DOT/USD
2025-09-23 02:00:00,3.9923,3.9986,3.9602,3.9645,35879.74122796,DOT/USD
2025-09-23 03:00:00,3.9602,4.0321,3.9464,4.0214,13604.07466556,DOT/USD
2025-09-23 04:00:00,4.0316,4.0441,3.9949,4.0044,26361.40474803,DOT/USD
2025-09-23 05:00:00,4.0044,4.0203,3.9909,4.0,2828.3476799,DOT/USD
2025-09-23 06:00:00,3.9999,4.038,3.992,4.0296,11437.425109,DOT/USD
2025-09-23 07:00:00,4.023,4.0447,4.0164,4.0181,26713.54962887,DOT/USD
2025-09-23 08:00:00,4.0263,4.0448,4.017,4.0342,15480.77695838,DOT/USD
2025-09-23 09:00:00,4.0337,4.0402,4.0051,4.016,5031.54384076,DOT/USD
2025-09-23 10:00:00,4.0143,4.035,4.0135,4.0292,26724.90251103,DOT/USD
2025-09-23 11:00:00,4.0267,4.0339,4.0052,4.0233,12761.3257754,DOT/USD
2025-09-23 12:00:00,4.0213,4.043,4.0176,4.0331,20141.98317735,DOT/USD
2025-09-23 13:00:00,4.0292,4.0421,4.0142,4.021,4328.75748869,DOT/USD
2025-09-23 14:00:00,4.022,4.051,4.0135,4.0135,10461.24611704,DOT/USD
2025-09-23 15:00:00,4.0155,4.0464,4.0017,4.0323,3957.93127351,DOT/USD
2025-09-23 16:00:00,4.0323,4.0511,4.0093,4.0418,51313.61949077,DOT/USD
2025-09-23 17:00:00,4.024,4.0291,3.983,3.9917,14013.42220576,DOT/USD
